SALE TYPE,SOLD DATE,PROPERTY TYPE,ADDRESS,CITY,STATE OR PROVINCE,ZIP OR POSTAL CODE,PRICE,BEDS,BATHS,LOCATION,SQUARE FEET,LOT SIZE,YEAR BUILT,DAYS ON MARKET,$/SQUARE FEET,HOA/MONTH,STATUS,NEXT OPEN HOUSE START TIME,NEXT OPEN HOUSE END TIME,URL (SEE https://www.redfin.com/buy-a-home/comparative-market-analysis FOR INFO ON PRICING),SOURCE,MLS#,FAVORITE,INTERESTED,LATITUDE,LONGITUDE
"In accordance with local MLS rules, some MLS listings are not included in the download"
PAST SALE,March-28-2023,Single Family Residential,910 E 34th St,Tacoma,WA,98404,370000,2,1.0,McKinley,1123,6500,1907,,329,,Sold,,,https://www.redfin.com/WA/Tacoma/910-E-34th-St-98404/home/2716810,NWMLS as Distributed by MLS Grid,2036618,N,Y,47.2314729,-122.4190211
PAST SALE,March-7-2023,Single Family Residential,908 E 54th St,Tacoma,WA,98404,395000,4,2.0,Tacoma,1613,6000,1949,,245,,Sold,,,https://www.redfin.com/WA/Tacoma/908-E-54th-St-98404/home/2984409,NWMLS as Distributed by MLS Grid,2030144,N,Y,47.2078768,-122.4186026
PAST SALE,December-19-2023,Single Family Residential,816 E 64th St,Tacoma,WA,98404,383000,3,2.0,East Tacoma,1012,4440,1997,,378,,Sold,,,https://www.redfin.com/WA/Tacoma/816-E-64th-St-98404/home/2977685,NWMLS as Distributed by MLS Grid,2178269,N,Y,47.1988102,-122.4199938
PAST SALE,June-30-2023,Single Family Residential,1326 E 42nd St,Tacoma,WA,98404,595000,6,3.0,Tacoma,2658,6426,2010,,224,25,Sold,,,https://www.redfin.com/WA/Tacoma/1326-E-42nd-St-98404/home/22792500,NWMLS as Distributed by MLS Grid,2074585,N,Y,47.2191589,-122.411425
PAST SALE,October-23-2023,Single Family Residential,4625 E G St,Tacoma,WA,98404,350000,2,1.0,East Tacoma,773,5100,1912,,453,,Sold,,,https://www.redfin.com/WA/Tacoma/4625-E-G-St-98404/home/2787739,NWMLS as Distributed by MLS Grid,2163350,N,Y,47.2142139,-122.4216751
PAST SALE,February-28-2023,Single Family Residential,421 E 64th St,Tacoma,WA,98404,350000,3,1.0,Tacoma,1012,6000,1925,,346,,Sold,,,https://www.redfin.com/WA/Tacoma/421-E-64th-St-98404/home/2735317,NWMLS as Distributed by MLS Grid,2030466,N,Y,47.1992481,-122.4250185
PAST SALE,April-14-2023,Single Family Residential,7002 E Tonia St,Tacoma,WA,98404,399000,3,2.0,East Tacoma,1048,8000,1969,,381,,Sold,,,https://www.redfin.com/WA/Tacoma/7002-E-Tonia-St-98404/home/2732013,NWMLS as Distributed by MLS Grid,2033109,N,Y,47.19367,-122.4022746
PAST SALE,January-10-2024,Single Family Residential,3222 E D St,Tacoma,WA,98404,355000,3,1.5,Tacoma,3380,9000,1924,,105,,Sold,,,https://www.redfin.com/WA/Tacoma/3222-E-D-St-98404/home/2716133,NWMLS as Distributed by MLS Grid,2186142,N,Y,47.2320241,-122.4278775
PAST SALE,June-29-2023,Single Family Residential,609 E 69th St,Tacoma,WA,98404,412000,3,2.0,Tacoma,1165,5600,1978,,354,,Sold,,,https://www.redfin.com/WA/Tacoma/609-E-69th-St-98404/home/2971196,NWMLS as Distributed by MLS Grid,2065364,N,Y,47.1950292,-122.4226761
PAST SALE,March-9-2023,Single Family Residential,3763 Court Q,Tacoma,WA,98404,520000,3,2.5,East Tacoma,1890,5050,2020,,275,10,Sold,,,https://www.redfin.com/WA/Tacoma/3763-Court-Q-98404/home/172331837,NWMLS as Distributed by MLS Grid,2031601,N,Y,47.224006,-122.4052415
PAST SALE,July-28-2023,Single Family Residential,912 E 31st St,Tacoma,WA,98404,506000,4,2.0,Tacoma,1682,8125,1907,,301,,Sold,,,https://www.redfin.com/WA/Tacoma/912-E-31st-St-98404/home/2715659,NWMLS as Distributed by MLS Grid,2058259,N,Y,47.2344421,-122.4195666
PAST SALE,August-4-2023,Single Family Residential,4210 E R St,Tacoma,WA,98404,506000,4,2.5,Tacoma,2104,3114,2007,,240,100,Sold,,,https://www.redfin.com/WA/Tacoma/4210-E-R-St-98404/home/12406875,NWMLS as Distributed by MLS Grid,2073496,N,Y,47.2189255,-122.4030878
PAST SALE,April-10-2023,Single Family Residential,251 E 72nd St,Tacoma,WA,98404,435000,3,2.0,Tacoma,1334,9800,1951,,326,,Sold,,,https://www.redfin.com/WA/Tacoma/251-E-72nd-St-98404/home/2971113,NWMLS as Distributed by MLS Grid,2028469,N,Y,47.1921692,-122.4260971
PAST SALE,July-7-2023,Single Family Residential,1005 E 35th St,Tacoma,WA,98404,340000,4,2.0,East Tacoma,1640,9750,1900,,207,,Sold,,,https://www.redfin.com/WA/Tacoma/1005-E-35th-St-98404/home/2717299,NWMLS as Distributed by MLS Grid,2068554,N,Y,47.2311109,-122.4176277
PAST SALE,November-16-2023,Single Family Residential,6628 McKinley Ave,Tacoma,WA,98404,440000,3,2.0,East Tacoma,1228,5976,2008,,358,,Sold,,,https://www.redfin.com/WA/Tacoma/6628-McKinley-Ave-98404/home/16888642,NWMLS as Distributed by MLS Grid,2151040,N,Y,47.196105,-122.421694
PAST SALE,August-16-2023,Single Family Residential,4873 E Q St,Tacoma,WA,98404,460000,3,2.5,Se Tacoma,1548,3061,2015,,297,95,Sold,,,https://www.redfin.com/WA/Tacoma/4873-E-Q-St-98404/home/39892385,NWMLS as Distributed by MLS Grid,2055794,N,Y,47.2121276,-122.4065154
PAST SALE,May-31-2023,Single Family Residential,3625 E K St,Tacoma,WA,98404,439000,3,2.0,Tacoma,1280,5000,1905,,343,,Sold,,,https://www.redfin.com/WA/Tacoma/3625-E-K-St-98404/home/2918585,NWMLS as Distributed by MLS Grid,2047717,N,Y,47.2253887,-122.4160502
PAST SALE,September-25-2023,Single Family Residential,314 E Tanglewood Ave,Tacoma,WA,98404,412000,3,2.5,Tacoma,1572,6000,1944,,262,,Sold,,,https://www.redfin.com/WA/Tacoma/314-E-Tanglewood-Ave-98404/home/2980104,NWMLS as Distributed by MLS Grid,2138556,N,Y,47.2085375,-122.4273873
PAST SALE,October-13-2023,Single Family Residential,1821 E Sherman St,Tacoma,WA,98404,345000,3,2.0,Indian Addition,1152,6500,1996,,299,,Sold,,,https://www.redfin.com/WA/Tacoma/1821-E-Sherman-St-98404/home/2846568,NWMLS as Distributed by MLS Grid,2142044,N,Y,47.2285846,-122.4039369
PAST SALE,May-10-2023,Single Family Residential,1412 E 40th St,Tacoma,WA,98404,439950,3,2.0,Tacoma,1398,7931,2015,,315,53,Sold,,,https://www.redfin.com/WA/Tacoma/1412-E-40th-St-98404/home/45423307,NWMLS as Distributed by MLS Grid,2041220,N,Y,47.2206794,-122.4099782
PAST SALE,February-23-2023,Single Family Residential,3644 E F St,Tacoma,WA,98404,435702,3,2.0,Tacoma,1451,5964,1905,,300,,Sold,,,https://www.redfin.com/WA/Tacoma/3644-E-F-St-98404/home/2983147,NWMLS as Distributed by MLS Grid,2022290,N,Y,47.2248922,-122.4239554
PAST SALE,November-21-2023,Single Family Residential,3723 E Spokane St,Tacoma,WA,98404,379999,2,1.0,Tacoma,858,5000,1951,,443,,Sold,,,https://www.redfin.com/WA/Tacoma/3723-E-Spokane-St-98404/home/2918689,NWMLS as Distributed by MLS Grid,2164119,N,Y,47.2238606,-122.4194003
PAST SALE,March-3-2023,Single Family Residential,3813 E Q St,Tacoma,WA,98404,480000,3,2.5,Se Tacoma,2024,3540,2005,,237,100,Sold,,,https://www.redfin.com/WA/Tacoma/3813-E-Q-St-98404/home/3042674,NWMLS as Distributed by MLS Grid,2014926,N,Y,47.2217538,-122.4054076
PAST SALE,February-2-2024,Single Family Residential,3620 E L St,Tacoma,WA,98404,595000,5,3.0,East Tacoma,2392,7500,1911,,249,,Sold,,,https://www.redfin.com/WA/Tacoma/3620-E-L-St-98404/home/2918976,NWMLS as Distributed by MLS Grid,2197065,N,Y,47.2255778,-122.4143783
PAST SALE,April-7-2023,Single Family Residential,2231 E Wright Ave,Tacoma,WA,98404,410000,2,1.0,Tacoma,911,6500,1942,,450,,Sold,,,https://www.redfin.com/WA/Tacoma/2231-E-Wright-Ave-98404/home/2845425,NWMLS as Distributed by MLS Grid,2043204,N,Y,47.2350781,-122.398596
PAST SALE,April-28-2023,Single Family Residential,6607 E Tonia St,Tacoma,WA,98404,285000,3,1.0,Tacoma,1320,8400,1970,,216,,Sold,,,https://www.redfin.com/WA/Tacoma/6607-E-Tonia-St-98404/home/2732202,NWMLS as Distributed by MLS Grid,2061670,N,Y,47.1971701,-122.4015982
PAST SALE,August-1-2023,Single Family Residential,1309 E 43rd St,Tacoma,WA,98404,600000,1,1.0,Se Tacoma,2734,5993,2015,,219,25,Sold,,,https://www.redfin.com/WA/Tacoma/1309-E-43rd-St-98404/home/22769048,NWMLS as Distributed by MLS Grid,2133718,N,Y,47.2189013,-122.4126416
PAST SALE,October-18-2023,Single Family Residential,2211 E George,Tacoma,WA,98404,285000,1,1.0,East Tacoma,1284,6500,1981,,222,,Sold,,,https://www.redfin.com/WA/Tacoma/2211-E-George-St-98404/home/2960092,NWMLS as Distributed by MLS Grid,2173446,N,Y,47.2241194,-122.3980314
PAST SALE,May-31-2023,Single Family Residential,3706 E Spokane St,Tacoma,WA,98404,378000,3,2.0,McKinley,950,5000,1909,,398,,Sold,,,https://www.redfin.com/WA/Tacoma/3706-E-Spokane-St-98404/home/2918675,NWMLS as Distributed by MLS Grid,2077556,N,Y,47.2244087,-122.4199515
PAST SALE,December-20-2023,Single Family Residential,8205 E Davis Ln,Tacoma,WA,98404,325000,3,2.0,Larchmont,1360,10019,1980,,239,,Sold,,,https://www.redfin.com/WA/Tacoma/8205-E-Davis-Ln-98404/home/2622464,NWMLS as Distributed by MLS Grid,2186753,N,Y,47.182316,-122.4225773
PAST SALE,November-7-2023,Single Family Residential,3601 E Spokane St,Tacoma,WA,98404,500000,4,2.0,East Tacoma,1580,5663,1912,,316,,Sold,,,https://www.redfin.com/WA/Tacoma/3601-Spokane-St-98404/home/103973689,NWMLS as Distributed by MLS Grid,2178390,N,Y,47.2261769,-122.4193349
PAST SALE,July-7-2023,Single Family Residential,5222 McDacer Ave,Tacoma,WA,98404,407000,2,1.0,Tacoma,848,7020,1944,,480,,Sold,,,https://www.redfin.com/WA/Tacoma/5222-McDacer-Ave-98404/home/2980038,NWMLS as Distributed by MLS Grid,2075526,N,Y,47.2087281,-122.4294691
PAST SALE,June-23-2023,Single Family Residential,4315 E C St,Tacoma,WA,98404,270000,5,2.0,Se Tacoma,1657,11160,1950,,163,,Sold,,,https://www.redfin.com/WA/Tacoma/4315-E-C-St-98404/home/2961947,NWMLS as Distributed by MLS Grid,2132056,N,Y,47.2176784,-122.4277816
PAST SALE,June-22-2023,Single Family Residential,1614 E Wright Ave,Tacoma,WA,98404,370000,3,1.0,Midland,1840,6500,1912,,201,,Sold,,,https://www.redfin.com/WA/Tacoma/1614-E-Wright-Ave-98404/home/2845247,NWMLS as Distributed by MLS Grid,2133879,N,Y,47.233622,-122.4084389
PAST SALE,August-31-2023,Single Family Residential,2225 E George St,Tacoma,WA,98404,364700,3,2.0,East Tacoma,1142,5200,1984,,319,,Sold,,,https://www.redfin.com/WA/Tacoma/2225-E-George-St-98404/home/2960089,NWMLS as Distributed by MLS Grid,2147933,N,Y,47.2241063,-122.3971323
PAST SALE,January-5-2024,Single Family Residential,3816 E J St,Tacoma,WA,98404,445000,3,2.0,East Tacoma,1348,5000,1910,,330,,Sold,,,https://www.redfin.com/WA/Tacoma/3816-E-J-St-98404/home/2918751,NWMLS as Distributed by MLS Grid,2184904,N,Y,47.2225277,-122.4177022
PAST SALE,May-19-2023,Single Family Residential,4328 E J St,Tacoma,WA,98404,371000,2,1.0,Tacoma,998,9000,1942,,372,,Sold,,,https://www.redfin.com/WA/Tacoma/4328-E-J-St-98404/home/2986269,NWMLS as Distributed by MLS Grid,2043062,N,Y,47.2173793,-122.417819
PAST SALE,May-31-2023,Single Family Residential,1438 E Morton St,Tacoma,WA,98404,495000,3,2.5,Indian Addition,1783,4875,2019,,278,,Sold,,,https://www.redfin.com/WA/Tacoma/1438-E-Morton-St-98404/home/167445592,NWMLS as Distributed by MLS Grid,2061907,N,Y,47.2295313,-122.4094089
PAST SALE,June-28-2023,Single Family Residential,1901 E 63rd St,Tacoma,WA,98404,390000,2,2.0,Se Tacoma,1728,9000,1965,,226,,Sold,,,https://www.redfin.com/WA/Tacoma/1901-E-63rd-St-98404/home/2917259,NWMLS as Distributed by MLS Grid,2075577,N,Y,47.2001422,-122.4039732
PAST SALE,April-14-2023,Single Family Residential,1819 E 43rd St,Tacoma,WA,98404,440000,3,2.5,Tacoma,1570,3198,2007,,280,100,Sold,,,https://www.redfin.com/WA/Tacoma/1819-E-43rd-St-98404/home/12406777,NWMLS as Distributed by MLS Grid,2042021,N,Y,47.2191046,-122.4040751
PAST SALE,May-15-2023,Single Family Residential,515 E Harrison,Tacoma,WA,98404,425000,3,1.0,McKinley,1484,8125,1890,,286,,Sold,,,https://www.redfin.com/WA/Tacoma/515-E-Harrison-St-98404/home/2717571,NWMLS as Distributed by MLS Grid,2063852,N,Y,47.2294282,-122.4245078
PAST SALE,April-14-2023,Single Family Residential,7017 Golden Given Rd E,Tacoma,WA,98404,480000,4,2.5,Tacoma,1842,3420,2007,,261,25,Sold,,,https://www.redfin.com/WA/Tacoma/7017-Golden-Given-Rd-E-98404/home/12406392,NWMLS as Distributed by MLS Grid,2042622,N,Y,47.1929335,-122.4157425
PAST SALE,January-12-2024,Single Family Residential,4523 E C St,Tacoma,WA,98404,417500,4,1.0,Se Tacoma,1128,7100,1941,,370,,Sold,,,https://www.redfin.com/WA/Tacoma/4523-E-C-St-98404/home/2961953,NWMLS as Distributed by MLS Grid,2186582,N,Y,47.215956,-122.42787
PAST SALE,June-2-2023,Single Family Residential,1006 E 60th St,Tacoma,WA,98404,372000,2,1.0,Se Tacoma,804,6000,1950,,463,,Sold,,,https://www.redfin.com/WA/Tacoma/1006-E-60th-St-98404/home/2916456,NWMLS as Distributed by MLS Grid,2059639,N,Y,47.2024155,-122.4167929
PAST SALE,March-16-2023,Single Family Residential,1432 E Wright Ave,Tacoma,WA,98404,360000,4,1.5,Tacoma,1360,6500,1970,,265,,Sold,,,https://www.redfin.com/WA/Tacoma/1432-E-Wright-Ave-98404/home/2845201,NWMLS as Distributed by MLS Grid,2036428,N,Y,47.2333745,-122.4106987
PAST SALE,May-30-2023,Single Family Residential,4324 E B St,Tacoma,WA,98404,460000,2,3.0,Se Tacoma,1548,7708,1950,,297,,Sold,,,https://www.redfin.com/WA/Tacoma/4324-E-B-St-98404/home/2962140,NWMLS as Distributed by MLS Grid,2053971,N,Y,47.2174911,-122.4301179
PAST SALE,October-12-2023,Single Family Residential,1210 E 69th St,Tacoma,WA,98404,380000,3,1.0,East Tacoma,1088,6000,1969,,349,,Sold,,,https://www.redfin.com/WA/Tacoma/1210-E-69th-St-98404/home/2985256,NWMLS as Distributed by MLS Grid,2157911,N,Y,47.1942801,-122.4129711
PAST SALE,December-26-2023,Single Family Residential,1008 E 53rd St,Tacoma,WA,98404,245000,2,1.0,McKinley,764,6000,1946,,321,,Sold,,,https://www.redfin.com/WA/Tacoma/1008-E-53rd-St-98404/home/2984375,NWMLS as Distributed by MLS Grid,2182594,N,Y,47.2087992,-122.4167626
PAST SALE,May-23-2023,Single Family Residential,220 E 61st St,Tacoma,WA,98404,430000,4,1.5,Tacoma,1460,12000,1958,,295,,Sold,,,https://www.redfin.com/WA/Tacoma/220-E-61st-St-98404/home/2735405,NWMLS as Distributed by MLS Grid,2063500,N,Y,47.2015914,-122.4275817
PAST SALE,May-31-2023,Single Family Residential,6604 E Portland Ave,Tacoma,WA,98404,425000,3,1.5,Se Tacoma,1414,20277,1951,,301,,Sold,,,https://www.redfin.com/WA/Tacoma/6604-E-Portland-Ave-98404/home/2605546,NWMLS as Distributed by MLS Grid,2059708,N,Y,47.1970162,-122.4080785
PAST SALE,August-31-2023,Single Family Residential,2902 57th Street Ct E,Tacoma,WA,98404,535000,3,1.5,Waller,1446,43560,1960,,370,,Sold,,,https://www.redfin.com/WA/Tacoma/2902-57th-Street-Ct-E-98404/home/2598437,NWMLS as Distributed by MLS Grid,2141647,N,Y,47.204868,-122.3905114
PAST SALE,May-9-2023,Single Family Residential,1448 E Harrison St,Tacoma,WA,98404,240000,2,1.0,Indian Addition,712,6500,1910,,337,,Sold,,,https://www.redfin.com/WA/Tacoma/1448-E-Harrison-St-98404/home/2845971,NWMLS as Distributed by MLS Grid,2052342,N,Y,47.2305249,-122.4092582
PAST SALE,February-8-2024,Single Family Residential,2050 E Fairbanks St,Tacoma,WA,98404,310000,5,2.0,East Tacoma,1782,6500,1910,,174,,Sold,,,https://www.redfin.com/WA/Tacoma/2050-E-Fairbanks-St-98404/home/2846508,NWMLS as Distributed by MLS Grid,2193707,N,Y,47.2295677,-122.3996537
PAST SALE,July-19-2023,Single Family Residential,3303 E K St,Tacoma,WA,98404,380000,3,1.0,East Tacoma,1120,5000,1926,,339,,Sold,,,https://www.redfin.com/WA/Tacoma/3303-E-K-St-98404/home/2716871,NWMLS as Distributed by MLS Grid,2101796,N,Y,47.2326465,-122.4162441
PAST SALE,April-27-2023,Single Family Residential,2217 E 65th St,Tacoma,WA,98404,500000,4,3.0,Tacoma,1892,5002,2004,,264,,Sold,,,https://www.redfin.com/WA/Tacoma/2217-E-65th-St-98404/home/3028980,NWMLS as Distributed by MLS Grid,2049009,N,Y,47.1982267,-122.3983663
PAST SALE,October-28-2023,Single Family Residential,7015 Homestead Ave,Tacoma,WA,98404,415000,3,1.5,Tacoma,1234,10400,1971,,336,,Sold,,,https://www.redfin.com/WA/Tacoma/7015-Homestead-Ave-98404/home/2732050,NWMLS as Distributed by MLS Grid,2166536,N,Y,47.1933079,-122.4001968
PAST SALE,March-21-2023,Single Family Residential,121 E 45th St,Tacoma,WA,98404,350000,4,1.5,Tacoma,1428,6600,1926,,245,,Sold,,,https://www.redfin.com/WA/Tacoma/121-E-45th-St-98404/home/2962136,NWMLS as Distributed by MLS Grid,2010379,N,Y,47.2170086,-122.430165
PAST SALE,March-27-2023,Single Family Residential,901 E 32nd St,Tacoma,WA,98404,540000,3,2.0,Tacoma,1732,9750,1906,,312,,Sold,,,https://www.redfin.com/WA/Tacoma/901-E-32nd-St-98404/home/2715837,NWMLS as Distributed by MLS Grid,2035677,N,Y,47.2338565,-122.4199217
PAST SALE,October-12-2023,Single Family Residential,7217 E E St,Tacoma,WA,98404,350000,3,1.0,Tacoma,1102,6000,1951,,318,,Sold,,,https://www.redfin.com/WA/Tacoma/7217-E-E-St-98404/home/2821271,NWMLS as Distributed by MLS Grid,2159652,N,Y,47.1911471,-122.4244993
PAST SALE,March-28-2023,Single Family Residential,601 E 69th St,Tacoma,WA,98404,400000,3,2.0,Tacoma,1165,5300,1979,,343,,Sold,,,https://www.redfin.com/WA/Tacoma/601-E-69th-St-98404/home/2971194,NWMLS as Distributed by MLS Grid,2038652,N,Y,47.1950205,-122.4231061
PAST SALE,June-5-2023,Single Family Residential,3627 E E St,Tacoma,WA,98404,475000,3,1.0,East Tacoma,1967,10650,1914,,241,,Sold,,,https://www.redfin.com/WA/Tacoma/3627-E-E-St-98404/home/2983153,NWMLS as Distributed by MLS Grid,2061741,N,Y,47.2253054,-122.4247727
PAST SALE,May-12-2023,Single Family Residential,7023 E J St,Tacoma,WA,98404,485000,4,2.5,Tacoma,1768,3268,2012,,274,29,Sold,,,https://www.redfin.com/WA/Tacoma/7023-E-J-St-98404/home/23105083,NWMLS as Distributed by MLS Grid,2054484,N,Y,47.192715,-122.4165668
PAST SALE,July-3-2023,Single Family Residential,4024 E G St,Tacoma,WA,98404,363000,2,1.0,Tacoma,1340,4970,1923,,271,,Sold,,,https://www.redfin.com/WA/Tacoma/4024-E-G-St-98404/home/2961725,NWMLS as Distributed by MLS Grid,2069892,N,Y,47.2199598,-122.4226533
PAST SALE,March-31-2023,Single Family Residential,1957 E 66th St,Tacoma,WA,98404,355000,2,1.0,East Tacoma,840,7280,1970,,423,,Sold,,,https://www.redfin.com/WA/Tacoma/1957-E-66th-St-98404/home/2732221,NWMLS as Distributed by MLS Grid,2043541,N,Y,47.197757,-122.4021126
PAST SALE,May-22-2023,Single Family Residential,1118 E 61st St,Tacoma,WA,98404,475000,4,2.0,East Tacoma,1556,6000,1967,,305,,Sold,,,https://www.redfin.com/WA/Tacoma/1118-E-61st-St-98404/home/2916636,NWMLS as Distributed by MLS Grid,2054277,N,Y,47.2015029,-122.4143069
PAST SALE,June-30-2023,Single Family Residential,1923 E 64th St,Tacoma,WA,98404,450000,3,1.0,East Tacoma,1239,6720,1963,,363,,Sold,,,https://www.redfin.com/WA/Tacoma/1923-E-64th-St-98404/home/2917242,NWMLS as Distributed by MLS Grid,2072976,N,Y,47.1992171,-122.4028689
PAST SALE,June-13-2023,Single Family Residential,1723 Sweet St,Tacoma,WA,98404,450000,3,2.0,Tacoma,1436,5255,1995,,313,,Sold,,,https://www.redfin.com/WA/Tacoma/1723-Sweet-St-98404/home/2865836,NWMLS as Distributed by MLS Grid,2064216,N,Y,47.1970327,-122.4049388
PAST SALE,October-30-2023,Single Family Residential,1938 E 65th St,Tacoma,WA,98404,330000,3,2.5,Tacoma,1696,6262,1978,,195,,Sold,,,https://www.redfin.com/WA/Tacoma/1938-E-65th-St-98404/home/2784552,NWMLS as Distributed by MLS Grid,2170789,N,Y,47.198057,-122.4026415
PAST SALE,August-11-2023,Single Family Residential,1202 E 36th St,Tacoma,WA,98404,445000,3,2.5,McKinley,1430,6000,2012,,311,,Sold,,,https://www.redfin.com/WA/Tacoma/1202-E-36th-St-98404/home/2918977,NWMLS as Distributed by MLS Grid,2140347,N,Y,47.2261795,-122.4138205
PAST SALE,February-2-2024,Single Family Residential,2012 E Sherman St,Tacoma,WA,98404,262500,2,1.0,East Tacoma,976,5300,1914,,269,,Sold,,,https://www.redfin.com/WA/Tacoma/2012-E-Sherman-St-98404/home/2846619,NWMLS as Distributed by MLS Grid,2193705,N,Y,47.2284214,-122.4012282
PAST SALE,July-27-2023,Single Family Residential,1043 E 46th St,Tacoma,WA,98404,489990,2,2.0,East Tacoma,1763,6200,1940,,278,,Sold,,,https://www.redfin.com/WA/Tacoma/1043-E-46th-St-98404/home/2918372,NWMLS as Distributed by MLS Grid,2129035,N,Y,47.2155899,-122.4158521
PAST SALE,April-14-2023,Single Family Residential,1225 E 64th St,Tacoma,WA,98404,348000,3,2.0,Se Tacoma,1629,6000,1969,,214,,Sold,,,https://www.redfin.com/WA/Tacoma/1225-E-64th-St-98404/home/2916841,NWMLS as Distributed by MLS Grid,2041481,N,Y,47.1992339,-122.4120788
PAST SALE,September-29-2023,Single Family Residential,2710 Pioneer Way E,Tacoma,WA,98404,392000,2,2.0,Tacoma,1152,4512,1920,,340,,Sold,,,https://www.redfin.com/WA/Tacoma/2710-Pioneer-Way-98404/home/2587845,NWMLS as Distributed by MLS Grid,2157034,N,Y,47.2283588,-122.3926909
PAST SALE,June-21-2023,Single Family Residential,1305 E 68th St,Tacoma,WA,98404,195000,2,1.0,Tacoma,1018,6250,1928,,192,,Sold,,,https://www.redfin.com/WA/Tacoma/1305-E-68th-St-98404/home/2822025,NWMLS as Distributed by MLS Grid,2077613,N,Y,47.1955893,-122.4112781
PAST SALE,September-26-2023,Single Family Residential,4127 E T St,Tacoma,WA,98404,391000,3,2.0,Tacoma,1307,4218,2010,,299,100,Sold,,,https://www.redfin.com/WA/Tacoma/4127-E-T-St-98404/home/22770768,NWMLS as Distributed by MLS Grid,2157210,N,Y,47.2194938,-122.4001584
PAST SALE,July-6-2023,Single Family Residential,711 E 54th St,Tacoma,WA,98404,406500,3,1.0,East Tacoma,1054,9000,1952,,386,,Sold,,,https://www.redfin.com/WA/Tacoma/711-E-54th-St-98404/home/2738867,NWMLS as Distributed by MLS Grid,2069001,N,Y,47.20831,-122.4221
PAST SALE,March-27-2023,Single Family Residential,5501 McKinley Ave,Tacoma,WA,98404,269900,2,1.0,Tacoma,852,3900,1927,,317,,Sold,,,https://www.redfin.com/WA/Tacoma/5501-McKinley-Ave-98404/home/2984444,NWMLS as Distributed by MLS Grid,2035629,N,Y,47.2069992,-122.4205846
PAST SALE,December-18-2023,Single Family Residential,1314 E 51st St,Tacoma,WA,98404,585000,4,2.5,East Tacoma,2694,5625,2011,,217,,Sold,,,https://www.redfin.com/WA/Tacoma/1314-E-51st-St-98404/home/21886324,NWMLS as Distributed by MLS Grid,2180850,N,Y,47.2109074,-122.4115794
PAST SALE,June-30-2023,Single Family Residential,7632 E F St,Tacoma,WA,98404,472500,3,1.0,Se Tacoma,1056,7200,1968,,447,,Sold,,,https://www.redfin.com/WA/Tacoma/7632-E-F-St-98404/home/2608744,NWMLS as Distributed by MLS Grid,2074775,N,Y,47.1866851,-122.423966
PAST SALE,July-20-2023,Single Family Residential,846 E 50th St,Tacoma,WA,98404,468000,4,1.5,East Tacoma,2380,7320,1960,,197,,Sold,,,https://www.redfin.com/WA/Tacoma/846-E-50th-St-98404/home/2917475,NWMLS as Distributed by MLS Grid,2128654,N,Y,47.2115293,-122.4184755
PAST SALE,June-2-2023,Single Family Residential,5904 McGhee St,Tacoma,WA,98404,465000,3,2.0,Se Tacoma,1445,5799,1996,,322,,Sold,,,https://www.redfin.com/WA/Tacoma/5904-McGhee-St-98404/home/2597204,NWMLS as Distributed by MLS Grid,2063088,N,Y,47.2034322,-122.4303794
PAST SALE,May-15-2023,Single Family Residential,408 E 35th St,Tacoma,WA,98404,435000,3,1.5,McKinley,1078,6534,1902,,404,,Sold,,,https://www.redfin.com/WA/Tacoma/408-E-35th-St-98404/home/2717121,NWMLS as Distributed by MLS Grid,2058478,N,Y,47.2297004,-122.4264563
PAST SALE,March-1-2023,Single Family Residential,1447 E Harrison St,Tacoma,WA,98404,600000,4,3.0,Indian Addition,1897,6500,2023,,316,,Sold,,,https://www.redfin.com/WA/Tacoma/1447-E-Harrison-St-98404/home/178471670,NWMLS as Distributed by MLS Grid,2030141,N,Y,47.231056,-122.409332
PAST SALE,October-4-2023,Single Family Residential,516 E 80th St,Tacoma,WA,98404,500000,3,2.0,Larchmont,1287,8299,1979,,389,,Sold,,,https://www.redfin.com/WA/Tacoma/516-E-80th-St-98404/home/2622440,NWMLS as Distributed by MLS Grid,2157486,N,Y,47.1843037,-122.4240807
PAST SALE,September-26-2023,Single Family Residential,3945 E T St,Tacoma,WA,98404,515000,4,2.5,Tacoma,1800,3701,2014,,286,100,Sold,,,https://www.redfin.com/WA/Tacoma/3945-E-T-St-98404/home/22792257,NWMLS as Distributed by MLS Grid,2153811,N,Y,47.2216606,-122.4005638
PAST SALE,December-5-2023,Single Family Residential,3509 E Grandview Ave,Tacoma,WA,98404,287500,1,1.5,Indian Addition,804,15750,2001,,358,,Sold,,,https://www.redfin.com/WA/Tacoma/3509-E-Grandview-Ave-98404/home/2846803,NWMLS as Distributed by MLS Grid,2179617,N,Y,47.232531,-122.396103
PAST SALE,December-22-2023,Single Family Residential,5310 E E St,Tacoma,WA,98404,456000,3,2.5,Se Tacoma,1636,7166,1992,,279,,Sold,,,https://www.redfin.com/WA/Tacoma/5310-E-E-St-98404/home/2857808,NWMLS as Distributed by MLS Grid,2181069,N,Y,47.2086309,-122.4250792
PAST SALE,April-11-2023,Single Family Residential,6402 E B St,Tacoma,WA,98404,415000,4,2.0,Se Tacoma,1248,5000,1970,,333,,Sold,,,https://www.redfin.com/WA/Tacoma/6402-E-B-St-98404/home/2970696,NWMLS as Distributed by MLS Grid,2037408,N,Y,47.198878,-122.4289039
PAST SALE,May-18-2023,Single Family Residential,6702 E J St,Tacoma,WA,98404,448000,3,2.0,Tacoma,1525,6534,1977,,294,,Sold,,,https://www.redfin.com/WA/Tacoma/6702-E-J-St-98404/home/2786689,NWMLS as Distributed by MLS Grid,2058503,N,Y,47.1962438,-122.4179008
PAST SALE,May-26-2023,Single Family Residential,901 E 63rd St,Tacoma,WA,98404,425000,2,1.0,East Tacoma,997,9000,1942,,426,,Sold,,,https://www.redfin.com/WA/Tacoma/901-E-63rd-St-98404/home/2916388,NWMLS as Distributed by MLS Grid,2047133,N,Y,47.2001233,-122.4187991
PAST SALE,July-14-2023,Single Family Residential,226 E 62nd St,Tacoma,WA,98404,380900,2,1.0,Se Tacoma,1062,9000,1948,,359,,Sold,,,https://www.redfin.com/WA/Tacoma/226-E-62nd-St-98404/home/2735438,NWMLS as Distributed by MLS Grid,2128123,N,Y,47.2006959,-122.4273231
PAST SALE,December-5-2023,Single Family Residential,3568 E Portland Ave,Tacoma,WA,98404,404000,4,3.0,Tacoma,2920,32578,1931,,138,,Sold,,,https://www.redfin.com/WA/Tacoma/3568-E-Portland-Ave-98404/home/2591121,NWMLS as Distributed by MLS Grid,2174592,N,Y,47.2276502,-122.4083006
PAST SALE,October-24-2023,Single Family Residential,6897 E Grandview St,Tacoma,WA,98404,389000,3,2.0,Tacoma,1096,13800,1975,,355,,Sold,,,https://www.redfin.com/WA/Tacoma/6897-E-Grandview-St-98404/home/2967097,NWMLS as Distributed by MLS Grid,2160622,N,Y,47.1920121,-122.3974451
PAST SALE,May-12-2023,Single Family Residential,911 E 56th St,Tacoma,WA,98404,387125,2,1.0,Tacoma,944,6000,1966,,410,,Sold,,,https://www.redfin.com/WA/Tacoma/911-E-56th-St-98404/home/2984470,NWMLS as Distributed by MLS Grid,2051263,N,Y,47.2064988,-122.4183914
PAST SALE,March-14-2023,Single Family Residential,3584 E K St,Tacoma,WA,98404,325000,1,1.0,East Tacoma,678,5000,1911,,479,,Sold,,,https://www.redfin.com/WA/Tacoma/3584-E-K-St-98404/home/2918541,NWMLS as Distributed by MLS Grid,2033717,N,Y,47.2272275,-122.4165533
PAST SALE,May-2-2023,Single Family Residential,3711 E Spokane St,Tacoma,WA,98404,399950,3,1.0,Tacoma,1546,4996,1927,,259,,Sold,,,https://www.redfin.com/WA/Tacoma/3711-E-Spokane-St-98404/home/2918686,NWMLS as Distributed by MLS Grid,2047464,N,Y,47.2242494,-122.4193806
PAST SALE,October-13-2023,Single Family Residential,3577 East G St,Tacoma,WA,98404,440000,4,2.5,Tacoma,1384,5000,1914,,318,,Sold,,,https://www.redfin.com/WA/Tacoma/3577-E-G-St-98404/home/2961644,NWMLS as Distributed by MLS Grid,2160777,N,Y,47.2273409,-122.4217009
PAST SALE,November-20-2023,Single Family Residential,608 E Wright Ave,Tacoma,WA,98404,319000,1,1.0,McKinley,707,6000,1905,,451,,Sold,,,https://www.redfin.com/WA/Tacoma/608-E-Wright-Ave-98404/home/2716230,NWMLS as Distributed by MLS Grid,2175416,N,Y,47.2319529,-122.4239535
PAST SALE,September-6-2023,Single Family Residential,7509 E D St,Tacoma,WA,98404,349999,4,1.0,South Tacoma,1044,6600,1977,,335,,Sold,,,https://www.redfin.com/WA/Tacoma/7509-E-D-St-98404/home/2973326,NWMLS as Distributed by MLS Grid,2147599,N,Y,47.1886771,-122.4258308
PAST SALE,April-13-2023,Single Family Residential,2050 E Gregory St,Tacoma,WA,98404,449900,3,2.0,East Tacoma,1958,5750,1900,,230,,Sold,,,https://www.redfin.com/WA/Tacoma/2050-E-Gregory-St-98404/home/2590022,NWMLS as Distributed by MLS Grid,2040782,N,Y,47.2271012,-122.3994555
PAST SALE,September-18-2023,Single Family Residential,2014 E 61st St,Tacoma,WA,98404,350000,3,1.0,East Tacoma,1046,6000,1968,,335,,Sold,,,https://www.redfin.com/WA/Tacoma/2014-E-61st-St-98404/home/2917306,NWMLS as Distributed by MLS Grid,2153344,N,Y,47.2014477,-122.4015926
PAST SALE,April-14-2023,Single Family Residential,3711 E F St,Tacoma,WA,98404,370500,2,2.0,Tacoma,912,7242,1943,,406,,Sold,,,https://www.redfin.com/WA/Tacoma/3711-E-F-St-98404/home/2726632,NWMLS as Distributed by MLS Grid,2041532,N,Y,47.2242647,-122.4232259
PAST SALE,May-30-2023,Single Family Residential,722 E 55TH St,Tacoma,WA,98404,290000,2,1.0,Tacoma,1002,6000,1956,,289,,Sold,,,https://www.redfin.com/WA/Tacoma/722-E-55th-St-98404/home/2738713,NWMLS as Distributed by MLS Grid,2057867,N,Y,47.2070414,-122.4215095
PAST SALE,August-10-2023,Single Family Residential,6701 E J St,Tacoma,WA,98404,399950,3,1.0,Se Tacoma,1025,6700,1977,,390,,Sold,,,https://www.redfin.com/WA/Tacoma/6701-E-J-St-98404/home/2786725,NWMLS as Distributed by MLS Grid,2135169,N,Y,47.1962251,-122.4172888
PAST SALE,March-23-2023,Single Family Residential,2221 E 38th St,Tacoma,WA,98404,430000,3,2.0,Tacoma,1120,5200,2000,,384,,Sold,,,https://www.redfin.com/WA/Tacoma/2221-E-38th-St-98404/home/2996307,NWMLS as Distributed by MLS Grid,2034998,N,Y,47.2233366,-122.3975498
PAST SALE,May-31-2023,Single Family Residential,938 E 65th St,Tacoma,WA,98404,430000,4,2.0,East Tacoma,1365,6120,1971,,315,,Sold,,,https://www.redfin.com/WA/Tacoma/938-E-65th-St-98404/home/2606569,NWMLS as Distributed by MLS Grid,2060964,N,Y,47.197923,-122.4170255
PAST SALE,September-21-2023,Single Family Residential,1315 E 63rd,Tacoma,WA,98404,483000,3,2.5,Tacoma,1508,6000,2003,,320,,Sold,,,https://www.redfin.com/WA/Tacoma/1315-E-63rd-St-98404/home/3025001,NWMLS as Distributed by MLS Grid,2151038,N,Y,47.2000977,-122.4108264
PAST SALE,August-31-2023,Single Family Residential,1122 E 62nd St,Tacoma,WA,98404,460000,4,2.0,East Tacoma,1464,6000,1976,,314,,Sold,,,https://www.redfin.com/WA/Tacoma/1122-E-62nd-St-98404/home/2916622,NWMLS as Distributed by MLS Grid,2149387,N,Y,47.2005908,-122.414101
PAST SALE,November-7-2023,Single Family Residential,130 E bismark St,Tacoma,WA,98404,435000,3,1.5,South Tacoma,1120,5000,1979,,388,,Sold,,,https://www.redfin.com/WA/Tacoma/130-E-Bismark-St-98404/home/2970712,NWMLS as Distributed by MLS Grid,2169245,N,Y,47.1984114,-122.4297064
PAST SALE,June-20-2023,Single Family Residential,219 E 61st St,Tacoma,WA,98404,400000,2,1.0,Tacoma,1200,9120,1953,,333,,Sold,,,https://www.redfin.com/WA/Tacoma/219-E-61st-St-98404/home/2735371,NWMLS as Distributed by MLS Grid,2069145,N,Y,47.2020299,-122.4276992
PAST SALE,June-2-2023,Single Family Residential,5423 Clarkston St,Tacoma,WA,98404,305000,3,2.0,Tacoma,988,6325,1944,,309,,Sold,,,https://www.redfin.com/WA/Tacoma/5423-Clarkston-St-98404/home/2980128,NWMLS as Distributed by MLS Grid,2060669,N,Y,47.2078279,-122.426575
PAST SALE,March-16-2023,Single Family Residential,7213 E E St,Tacoma,WA,98404,372000,3,1.0,Tacoma,987,6000,1968,,377,,Sold,,,https://www.redfin.com/WA/Tacoma/7213-E-E-St-98404/home/2821260,NWMLS as Distributed by MLS Grid,2037049,N,Y,47.1913006,-122.4245441
PAST SALE,July-24-2023,Single Family Residential,131 E 62ND St,Tacoma,WA,98404,400000,3,1.0,Se Tacoma,1176,15000,1954,,340,,Sold,,,https://www.redfin.com/WA/Tacoma/131-E-62nd-St-98404/home/2596614,NWMLS as Distributed by MLS Grid,2126569,N,Y,47.2011317,-122.4295698
PAST SALE,June-21-2023,Single Family Residential,506 E 40th St,Tacoma,WA,98404,455000,3,2.5,East Tacoma,1506,6000,1971,,302,,Sold,,,https://www.redfin.com/WA/Tacoma/506-E-40th-St-98404/home/2961791,NWMLS as Distributed by MLS Grid,2068867,N,Y,47.2206442,-122.4244986
PAST SALE,February-24-2023,Single Family Residential,4514 E G St,Tacoma,WA,98404,292000,2,1.0,Tacoma,1368,7100,1915,,213,,Sold,,,https://www.redfin.com/WA/Tacoma/4514-E-G-St-98404/home/2756046,NWMLS as Distributed by MLS Grid,2033583,N,Y,47.2162369,-122.4222665
PAST SALE,April-7-2023,Single Family Residential,1128 E 60th St,Tacoma,WA,98404,420500,3,1.0,Tacoma,1358,6000,1969,,310,,Sold,,,https://www.redfin.com/WA/Tacoma/1128-E-60th-St-98404/home/2916652,NWMLS as Distributed by MLS Grid,2043019,N,Y,47.2024431,-122.413887
PAST SALE,March-3-2023,Single Family Residential,7222 E E St,Tacoma,WA,98404,390000,3,2.0,Fern Hill,1564,6000,1963,,249,,Sold,,,https://www.redfin.com/WA/Tacoma/7222-E-E-St-98404/home/2821244,NWMLS as Distributed by MLS Grid,2030928,N,Y,47.1910242,-122.4251411
PAST SALE,May-19-2023,Single Family Residential,4260 E Roosevelt Ave,Tacoma,WA,98404,505000,4,2.5,Tacoma,1807,3600,2014,,279,100,Sold,,,https://www.redfin.com/WA/Tacoma/4260-E-Roosevelt-Ave-98404/home/22769094,NWMLS as Distributed by MLS Grid,2059043,N,Y,47.2172568,-122.3978254
PAST SALE,September-19-2023,Single Family Residential,4244 E Roosevelt Ave,Tacoma,WA,98404,505000,4,2.5,Tacoma,1807,3600,2014,,279,100,Sold,,,https://www.redfin.com/WA/Tacoma/4244-E-Roosevelt-Ave-98404/home/22774180,NWMLS as Distributed by MLS Grid,2148962,N,Y,47.2176896,-122.3979352
PAST SALE,February-15-2024,Single Family Residential,3315 E Grandview Ave,Tacoma,WA,98404,280000,2,1.0,Indian Addition,1164,9000,1912,,241,,Sold,,,https://www.redfin.com/WA/Tacoma/3315-E-Grandview-Ave-98404/home/2846790,NWMLS as Distributed by MLS Grid,2194158,N,Y,47.2345027,-122.3968202
PAST SALE,October-3-2023,Single Family Residential,2010 E Sherman St,Tacoma,WA,98404,285000,2,1.0,Indian Addition,1084,4900,1913,,263,,Sold,,,https://www.redfin.com/WA/Tacoma/2010-E-Sherman-St-98404/home/2846618,NWMLS as Distributed by MLS Grid,2155397,N,Y,47.228375,-122.4014083
PAST SALE,January-23-2024,Single Family Residential,1915 E 61st St,Tacoma,WA,98404,422000,3,1.0,East Tacoma,1096,6000,1968,,385,,Sold,,,https://www.redfin.com/WA/Tacoma/1915-E-61st-St-98404/home/2917288,NWMLS as Distributed by MLS Grid,2186952,N,Y,47.2019259,-122.403304
PAST SALE,May-15-2023,Single Family Residential,702 E 43rd St,Tacoma,WA,98404,479500,4,1.5,McKinley,2688,8400,1900,,178,,Sold,,,https://www.redfin.com/WA/Tacoma/702-E-43rd-St-98404/home/2943354,NWMLS as Distributed by MLS Grid,2036621,N,Y,47.218206,-122.4216858
PAST SALE,April-13-2023,Single Family Residential,5817 E M St,Tacoma,WA,98404,410000,3,1.0,Tacoma,934,6500,1969,,439,,Sold,,,https://www.redfin.com/WA/Tacoma/5817-E-M-St-98404/home/2942264,NWMLS as Distributed by MLS Grid,2042882,N,Y,47.2037519,-122.4113632
PAST SALE,August-11-2023,Single Family Residential,3597 E Howe St,Tacoma,WA,98404,460000,3,2.5,East Tacoma,1437,3700,1907,,320,,Sold,,,https://www.redfin.com/WA/Tacoma/3597-E-Howe-St-98404/home/2918925,NWMLS as Distributed by MLS Grid,2138292,N,Y,47.2266556,-122.4148683
PAST SALE,July-14-2023,Single Family Residential,4605 E G St,Tacoma,WA,98404,470000,4,2.5,Tacoma,1550,3400,1912,,303,,Sold,,,https://www.redfin.com/WA/Tacoma/4605-E-G-St-98404/home/2787733,NWMLS as Distributed by MLS Grid,2126667,N,Y,47.2148977,-122.4216635
PAST SALE,June-28-2023,Single Family Residential,2037 E Fairbanks St,Tacoma,WA,98404,280000,3,1.0,Indian Addition,1148,6500,1942,,244,,Sold,,,https://www.redfin.com/WA/Tacoma/2037-E-Fairbanks-St-98404/home/2846495,NWMLS as Distributed by MLS Grid,2127340,N,Y,47.2299637,-122.4002497
PAST SALE,December-28-2023,Single Family Residential,3615 E Howe St,Tacoma,WA,98404,410000,3,2.0,East Tacoma,1148,5000,1943,,357,,Sold,,,https://www.redfin.com/WA/Tacoma/3615-E-Howe-St-98404/home/2918971,NWMLS as Distributed by MLS Grid,2183355,N,Y,47.2257841,-122.4149354
PAST SALE,May-17-2023,Single Family Residential,3738 E J St,Tacoma,WA,98404,445000,3,1.0,Tacoma,1368,5000,1910,,325,,Sold,,,https://www.redfin.com/WA/Tacoma/3738-E-J-St-98404/home/2918724,NWMLS as Distributed by MLS Grid,2049153,N,Y,47.2234431,-122.4177649
PAST SALE,August-25-2023,Single Family Residential,8205 E B St,Tacoma,WA,98404,330000,1,1.0,Tacoma,670,6000,1913,,493,,Sold,,,https://www.redfin.com/WA/Tacoma/8205-E-B-St-98404/home/2830069,NWMLS as Distributed by MLS Grid,2141820,N,Y,47.1824678,-122.4286084
PAST SALE,September-8-2023,Single Family Residential,3588 E F St,Tacoma,WA,98404,420000,3,1.0,Tacoma,1148,6080,1926,,366,,Sold,,,https://www.redfin.com/WA/Tacoma/3588-E-F-St-98404/home/2961766,NWMLS as Distributed by MLS Grid,2146659,N,Y,47.226957,-122.4239137
PAST SALE,February-15-2024,Single Family Residential,1436 E 46th St,Tacoma,WA,98404,508000,4,2.5,East Tacoma,1886,6725,2006,,269,,Sold,,,https://www.redfin.com/WA/Tacoma/1436-E-46th-St-98404/home/3041361,NWMLS as Distributed by MLS Grid,2188789,N,Y,47.2151141,-122.4086272
PAST SALE,June-16-2023,Single Family Residential,1839 E Harrison St,Tacoma,WA,98404,285000,4,1.0,Indian Addition,1200,6500,1941,,238,,Sold,,,https://www.redfin.com/WA/Tacoma/1839-E-Harrison-St-98404/home/2845990,NWMLS as Distributed by MLS Grid,2074976,N,Y,47.231588,-122.4037153
PAST SALE,July-31-2023,Single Family Residential,502 E 69th St,Tacoma,WA,98404,340000,2,1.0,Tacoma,724,5000,1911,,470,,Sold,,,https://www.redfin.com/WA/Tacoma/502-E-69th-St-98404/home/2971217,NWMLS as Distributed by MLS Grid,2133279,N,Y,47.1946259,-122.4240644
PAST SALE,July-17-2023,Single Family Residential,2041 E Sherman St,Tacoma,WA,98404,459000,3,1.0,Tacoma,2075,6500,1911,,221,,Sold,,,https://www.redfin.com/WA/Tacoma/2041-E-Sherman-St-98404/home/2846616,NWMLS as Distributed by MLS Grid,2065149,N,Y,47.229007,-122.3999144
PAST SALE,November-9-2023,Single Family Residential,1201 E 70th St,Tacoma,WA,98404,410000,3,1.0,Se Tacoma,1218,12000,1940,,337,,Sold,,,https://www.redfin.com/WA/Tacoma/1201-E-70th-St-98404/home/2985262,NWMLS as Distributed by MLS Grid,2170931,N,Y,47.1938975,-122.4133684
PAST SALE,July-20-2023,Single Family Residential,5616 E I St,Tacoma,WA,98404,440000,3,1.0,East Tacoma,1720,6000,1950,,256,,Sold,,,https://www.redfin.com/WA/Tacoma/5616-E-I-St-98404/home/2990940,NWMLS as Distributed by MLS Grid,2127068,N,Y,47.2056394,-122.4192948
PAST SALE,April-27-2023,Single Family Residential,7005 E D St,Tacoma,WA,98404,585000,3,2.5,Hillsdale,1809,5000,2022,,323,,Sold,,,https://www.redfin.com/WA/Tacoma/7005-E-D-St-98404/home/23097899,NWMLS as Distributed by MLS Grid,2050516,N,Y,47.19304,-122.425056
PAST SALE,August-18-2023,Single Family Residential,1617 E 32nd St,Tacoma,WA,98404,429950,3,1.5,East Tacoma,1714,6500,1910,,251,,Sold,,,https://www.redfin.com/WA/Tacoma/1617-E-32nd-St-98404/home/2845067,NWMLS as Distributed by MLS Grid,2136072,N,Y,47.235078,-122.4086745
PAST SALE,December-4-2023,Single Family Residential,2006 E Fairbanks St,Tacoma,WA,98404,525000,4,3.0,Tacoma,2056,6500,2006,,255,,Sold,,,https://www.redfin.com/WA/Tacoma/2006-E-Fairbanks-St-98404/home/3042334,NWMLS as Distributed by MLS Grid,2173556,N,Y,47.2293282,-122.4017208
PAST SALE,May-22-2023,Single Family Residential,1115 E 65th St,Tacoma,WA,98404,400000,4,1.0,East Tacoma,1472,9100,1971,,272,,Sold,,,https://www.redfin.com/WA/Tacoma/1115-E-65th-St-98404/home/2606525,NWMLS as Distributed by MLS Grid,2056034,N,Y,47.198355,-122.4148556
PAST SALE,September-28-2023,Single Family Residential,1321 E 49th St,Tacoma,WA,98404,400000,4,2.0,Tacoma,1222,6750,1970,,327,,Sold,,,https://www.redfin.com/WA/Tacoma/1321-E-49th-St-98404/home/2943799,NWMLS as Distributed by MLS Grid,2151987,N,Y,47.2124046,-122.4111388
PAST SALE,September-25-2023,Single Family Residential,5111 McKinley Ave,Tacoma,WA,98404,415000,3,1.0,East Tacoma,1102,7440,1921,,377,,Sold,,,https://www.redfin.com/WA/Tacoma/5111-McKinley-Ave-98404/home/2917364,NWMLS as Distributed by MLS Grid,2152189,N,Y,47.2103998,-122.4205666
PAST SALE,August-17-2023,Single Family Residential,8210 E Sherwood St,Tacoma,WA,98404,349000,1,1.0,Fern Hill,784,6000,1946,,445,,Sold,,,https://www.redfin.com/WA/Tacoma/8210-E-Sherwood-St-98404/home/2830141,NWMLS as Distributed by MLS Grid,2140733,N,Y,47.1823223,-122.4304398
PAST SALE,April-3-2023,Single Family Residential,2307 84th St E,Tacoma,WA,98445,395000,3,1.0,Midland,1160,21042,1961,,341,,Sold,,,https://www.redfin.com/WA/Tacoma/2307-84th-St-E-98445/home/2722340,NWMLS as Distributed by MLS Grid,2037638,N,Y,47.1811584,-122.3983243
PAST SALE,June-13-2023,Single Family Residential,7909 12th Ave E,Tacoma,WA,98404,280000,4,2.0,Midland,1140,22000,1960,,246,,Sold,,,https://www.redfin.com/WA/Tacoma/7909-12th-Ave-E-98404/home/2606976,NWMLS as Distributed by MLS Grid,2049902,N,Y,47.1850449,-122.4127509
PAST SALE,September-1-2023,Single Family Residential,236 E 66th St,Tacoma,WA,98404,533000,4,2.5,Hillsdale,1960,5937,2013,,272,,Sold,,,https://www.redfin.com/WA/Tacoma/236-E-66th-St-98404/home/22766711,NWMLS as Distributed by MLS Grid,2146190,N,Y,47.1970069,-122.4267847
PAST SALE,April-27-2023,Single Family Residential,516 E 82nd St,Tacoma,WA,98404,575000,3,2.0,Tacoma,1593,27443,1955,,361,,Sold,,,https://www.redfin.com/WA/Tacoma/516-E-82nd-St-98404/home/2619204,NWMLS as Distributed by MLS Grid,2045054,N,Y,47.1824881,-122.424046
PAST SALE,July-28-2023,Single Family Residential,1824 E Fairbanks St,Tacoma,WA,98404,588000,4,2.5,Tacoma,2111,5132,2020,,279,,Sold,,,https://www.redfin.com/WA/Tacoma/1824-E-Fairbanks-St-98404/home/172237628,NWMLS as Distributed by MLS Grid,2130096,N,Y,47.2291141,-122.4038756
PAST SALE,August-24-2023,Single Family Residential,2242 E 35th St,Tacoma,WA,98404,530000,3,2.5,East Tacoma,1566,6500,2006,,338,,Sold,,,https://www.redfin.com/WA/Tacoma/2242-E-35th-St-98404/home/3031949,NWMLS as Distributed by MLS Grid,2139835,N,Y,47.2327208,-122.3975812
PAST SALE,October-2-2023,Single Family Residential,3571 E B St,Tacoma,WA,98404,325000,4,1.5,Tacoma,1361,8800,1954,,239,,Sold,,,https://www.redfin.com/WA/Tacoma/3571-E-B-St-98404/home/2961927,NWMLS as Distributed by MLS Grid,2152727,N,Y,47.227636,-122.4293617
PAST SALE,September-26-2023,Single Family Residential,1308 E 55th St,Tacoma,WA,98404,400000,3,1.0,Tacoma,1056,6969,1979,,379,,Sold,,,https://www.redfin.com/WA/Tacoma/1308-E-55th-St-98404/home/2597830,NWMLS as Distributed by MLS Grid,2152619,N,Y,47.2069881,-122.4110732
PAST SALE,June-29-2023,Single Family Residential,3838 E T St,Tacoma,WA,98404,440000,3,2.5,Tacoma,1408,4000,2014,,313,10,Sold,,,https://www.redfin.com/WA/Tacoma/3838-E-T-St-98404/home/22776087,NWMLS as Distributed by MLS Grid,2076177,N,Y,47.2220625,-122.4014431
PAST SALE,March-10-2023,Single Family Residential,1102 E Harrison St,Tacoma,WA,98494,430000,3,1.0,Tacoma,1920,6500,1931,,224,,Sold,,,https://www.redfin.com/WA/Tacoma/1102-E-Harrison-St-98404/home/2717704,NWMLS as Distributed by MLS Grid,2028153,N,Y,47.229889,-122.4159601
PAST SALE,September-28-2023,Single Family Residential,3571 E K St,Tacoma,WA,98404,425000,3,1.0,McKinley,1422,5000,1906,,299,,Sold,,,https://www.redfin.com/WA/Tacoma/3571-E-K-St-98404/home/2918550,NWMLS as Distributed by MLS Grid,2153707,N,Y,47.2276138,-122.4160138
PAST SALE,March-24-2023,Single Family Residential,1221 E 59th St,Tacoma,WA,98404,350000,2,1.0,Tacoma,808,6000,1969,,433,,Sold,,,https://www.redfin.com/WA/Tacoma/1221-E-59th-St-98404/home/2942237,NWMLS as Distributed by MLS Grid,2036724,N,Y,47.203842,-122.4122867
PAST SALE,November-21-2023,Single Family Residential,6630 McKinley Ave,Tacoma,WA,98404,475000,3,2.5,Hillsdale,1844,5976,1929,,258,,Sold,,,https://www.redfin.com/WA/Tacoma/6630-McKinley-Ave-98404/home/12406313,NWMLS as Distributed by MLS Grid,2170428,N,Y,47.1961548,-122.4215368
PAST SALE,June-2-2023,Single Family Residential,919 E 59th St,Tacoma,WA,98404,400000,2,1.0,Se Tacoma,1055,9000,1951,,379,,Sold,,,https://www.redfin.com/WA/Tacoma/919-E-59th-St-98404/home/2990991,NWMLS as Distributed by MLS Grid,2052726,N,Y,47.2037897,-122.4179552
PAST SALE,August-28-2023,Single Family Residential,824 E 57th St,Tacoma,WA,98404,410000,3,1.0,Tacoma,1072,6000,1919,,382,,Sold,,,https://www.redfin.com/WA/Tacoma/824-E-57th-St-98404/home/2990948,NWMLS as Distributed by MLS Grid,2142594,N,Y,47.205145,-122.4194795
PAST SALE,August-8-2023,Single Family Residential,812 E 68th St,Tacoma,WA,98404,600000,5,2.5,Se Tacoma,2832,8824,2020,,212,,Sold,,,https://www.redfin.com/WA/Tacoma/812-E-68th-St-98404/home/144921214,NWMLS as Distributed by MLS Grid,2128817,N,Y,47.1949711,-122.4201759
PAST SALE,March-8-2023,Single Family Residential,1407 E 30th St,Tacoma,WA,98404,418000,3,2.0,Indian Addition,996,6500,1942,,420,,Sold,,,https://www.redfin.com/WA/Tacoma/1407-E-30th-St-98404/home/2844846,NWMLS as Distributed by MLS Grid,2032654,N,Y,47.2366431,-122.4125625
PAST SALE,July-14-2023,Single Family Residential,3583 E R St,Tacoma,WA,98404,455000,4,2.0,East Tacoma,1744,5580,1983,,261,,Sold,,,https://www.redfin.com/WA/Tacoma/3583-E-R-St-98404/home/2988046,NWMLS as Distributed by MLS Grid,2077177,N,Y,47.2274284,-122.4040645
PAST SALE,July-5-2023,Single Family Residential,1216 E 30th St,Tacoma,WA,98404,361000,4,1.0,East Tacoma,1283,3250,1918,,281,,Sold,,,https://www.redfin.com/WA/Tacoma/1216-E-30th-St-98404/home/2715616,NWMLS as Distributed by MLS Grid,2063961,N,Y,47.2359304,-122.41515
PAST SALE,December-6-2023,Single Family Residential,3820 E G St,Tacoma,WA,98404,355000,3,1.5,McKinley,988,5200,1974,,359,,Sold,,,https://www.redfin.com/WA/Tacoma/3820-E-G-St-98404/home/2914369,NWMLS as Distributed by MLS Grid,2175895,N,Y,47.2223954,-122.4223149
PAST SALE,August-24-2023,Single Family Residential,305 E north Ln,Tacoma,WA,98404,460000,4,2.0,McKinley,1300,7777,1944,,354,,Sold,,,https://www.redfin.com/WA/Tacoma/305-North-Ln-98404/home/2980042,NWMLS as Distributed by MLS Grid,2138819,N,Y,47.2096878,-122.4275297
PAST SALE,July-27-2023,Single Family Residential,1038 E 44th St,Tacoma,WA,98404,450000,4,2.0,Tacoma,1341,6250,1980,,336,,Sold,,,https://www.redfin.com/WA/Tacoma/1038-E-44th-St-98404/home/2918332,NWMLS as Distributed by MLS Grid,2067403,N,Y,47.2169338,-122.4161708
PAST SALE,November-9-2023,Single Family Residential,3805 E J St,Tacoma,WA,98404,265000,1,1.0,Tacoma,686,5000,1908,,386,,Sold,,,https://www.redfin.com/WA/Tacoma/3805-E-J-St-98404/home/2918839,NWMLS as Distributed by MLS Grid,2164811,N,Y,47.2227977,-122.4172186
PAST SALE,December-12-2023,Single Family Residential,129 E 67TH St,Tacoma,WA,98404,398000,3,1.0,Se Tacoma,1189,5000,1966,,335,,Sold,,,https://www.redfin.com/WA/Tacoma/129-E-67th-St-98404/home/2970758,NWMLS as Distributed by MLS Grid,2176780,N,Y,47.1966602,-122.4297569
PAST SALE,April-14-2023,Single Family Residential,1329 E 43rd St,Tacoma,WA,98404,510000,4,2.5,East Tacoma,2128,6460,2012,,240,21,Sold,,,https://www.redfin.com/WA/Tacoma/1329-E-43rd-St-98404/home/22774133,NWMLS as Distributed by MLS Grid,2035337,N,Y,47.2187975,-122.4116267
PAST SALE,June-21-2023,Single Family Residential,1803 E 72nd St,Tacoma,WA,98404,475000,3,2.5,Tacoma,1672,5031,1999,,284,,Sold,,,https://www.redfin.com/WA/Tacoma/1803-E-72nd-St-98404/home/2994040,NWMLS as Distributed by MLS Grid,2067538,N,Y,47.1922487,-122.4050214
PAST SALE,July-21-2023,Single Family Residential,6623 E B St,Tacoma,WA,98404,425000,3,1.0,Se Tacoma,1224,16500,1955,,347,,Sold,,,https://www.redfin.com/WA/Tacoma/6623-E-B-St-98404/home/2921546,NWMLS as Distributed by MLS Grid,2075880,N,Y,47.1964809,-122.4284228
PAST SALE,March-28-2023,Single Family Residential,167 E 84th St,Tacoma,WA,98445,360000,3,1.0,Fern Hill,1025,5000,1959,,351,,Sold,,,https://www.redfin.com/WA/Tacoma/167-E-84th-St-98445/home/2830118,NWMLS as Distributed by MLS Grid,2037762,N,Y,47.1811307,-122.4291606
PAST SALE,May-12-2023,Single Family Residential,5206 E G St,Tacoma,WA,98404,395000,3,1.0,McKinley,1121,5000,1981,,352,,Sold,,,https://www.redfin.com/WA/Tacoma/5206-E-G-St-98404/home/2738907,NWMLS as Distributed by MLS Grid,2049570,N,Y,47.2096199,-122.4230297
PAST SALE,July-28-2023,Single Family Residential,848 E 47th St,Tacoma,WA,98404,385000,3,1.0,McKinley,800,6223,1942,,481,,Sold,,,https://www.redfin.com/WA/Tacoma/848-E-47th-St-98404/home/2913812,NWMLS as Distributed by MLS Grid,2133862,N,Y,47.2142758,-122.4184256
PAST SALE,June-16-2023,Single Family Residential,413 E 35th St,Tacoma,WA,98404,410000,2,1.0,Tacoma,1430,6500,1920,,287,,Sold,,,https://www.redfin.com/WA/Tacoma/413-E-35th-St-98404/home/2717113,NWMLS as Distributed by MLS Grid,2062477,N,Y,47.2301847,-122.4262812
PAST SALE,July-7-2023,Single Family Residential,212 E 46th St,Tacoma,WA,98404,275000,2,1.0,Se Tacoma,1224,5100,1925,,225,,Sold,,,https://www.redfin.com/WA/Tacoma/212-E-46th-St-98404/home/2942900,NWMLS as Distributed by MLS Grid,2073699,N,Y,47.2149807,-122.4290519
PAST SALE,June-13-2023,Single Family Residential,1636 E 34th St,Tacoma,WA,98404,255000,2,2.0,Indian Addition,936,6500,1917,,272,,Sold,,,https://www.redfin.com/WA/Tacoma/1636-E-34th-St-98404/home/2845541,NWMLS as Distributed by MLS Grid,2049495,N,Y,47.2327295,-122.4072287
PAST SALE,September-29-2023,Single Family Residential,821 E 52nd St,Tacoma,WA,98404,410000,3,1.0,East Tacoma,1139,12600,1951,,360,,Sold,,,https://www.redfin.com/WA/Tacoma/821-E-52nd-St-98404/home/23058662,NWMLS as Distributed by MLS Grid,2153773,N,Y,47.2101338,-122.4197915
PAST SALE,February-2-2024,Single Family Residential,5408 E Portland Ave,Tacoma,WA,98404,398875,2,1.0,East Tacoma,898,7018,1940,,444,,Sold,,,https://www.redfin.com/WA/Tacoma/5408-E-Portland-Ave-98404/home/2755226,NWMLS as Distributed by MLS Grid,2184782,N,Y,47.2077128,-122.4082463
PAST SALE,November-22-2023,Single Family Residential,3518 E Roosevelt Ave,Tacoma,WA,98404,350000,3,1.0,Tacoma,994,3000,1908,,352,,Sold,,,https://www.redfin.com/WA/Tacoma/3518-E-Roosevelt-Ave-98404/home/2846089,NWMLS as Distributed by MLS Grid,2170328,N,Y,47.2313734,-122.3996906
PAST SALE,January-16-2024,Single Family Residential,506 E 34th St,Tacoma,WA,98404,278000,4,1.0,Tacoma,1336,3250,1903,,208,,Sold,,,https://www.redfin.com/WA/Tacoma/506-E-34th-St-98404/home/2716658,NWMLS as Distributed by MLS Grid,2185973,N,Y,47.2308404,-122.4253226
PAST SALE,May-11-2023,Single Family Residential,2001 E 36th St,Tacoma,WA,98404,438000,3,2.0,East Tacoma,1088,5052,1994,,403,,Sold,,,https://www.redfin.com/WA/Tacoma/2001-E-36th-St-98404/home/2948692,NWMLS as Distributed by MLS Grid,2050563,N,Y,47.2265955,-122.401625
PAST SALE,January-18-2024,Single Family Residential,1102 E 56th St,Tacoma,WA,98404,450000,3,2.0,East Tacoma,2012,9000,1941,,224,,Sold,,,https://www.redfin.com/WA/Tacoma/1102-E-56th-St-98404/home/2942212,NWMLS as Distributed by MLS Grid,2182552,N,Y,47.2060995,-122.4150885
PAST SALE,March-23-2023,Single Family Residential,407 E 82nd St,Tacoma,WA,98404,642500,4,2.5,Se Tacoma,2670,7637,2013,,241,,Sold,,,https://www.redfin.com/WA/Tacoma/407-E-82nd-St-98404/home/3037782,NWMLS as Distributed by MLS Grid,2034098,N,Y,47.1829217,-122.4256276
PAST SALE,November-2-2023,Single Family Residential,3626 E Howe St,Tacoma,WA,98404,599950,5,3.0,East Tacoma,2650,5227,2023,,226,,Sold,,,https://www.redfin.com/WA/Tacoma/3626-E-Howe-St-98404/home/23042758,NWMLS as Distributed by MLS Grid,2170877,N,Y,47.2253534,-122.4154902
PAST SALE,December-19-2023,Single Family Residential,3007 40th St E,Tacoma,WA,98404,625000,3,3.0,Waller,2439,25300,1984,,256,,Sold,,,https://www.redfin.com/WA/Tacoma/3007-40th-St-E-98404/home/2589777,NWMLS as Distributed by MLS Grid,2178425,N,Y,47.2210725,-122.3887238
PAST SALE,June-30-2023,Single Family Residential,3569 E L St,Tacoma,WA,98404,440000,3,2.0,East Tacoma,1030,7440,1941,,427,,Sold,,,https://www.redfin.com/WA/Tacoma/3569-E-L-St-98404/home/2918940,NWMLS as Distributed by MLS Grid,2056294,N,Y,47.2277954,-122.413819
PAST SALE,December-13-2023,Single Family Residential,820 E 66th St,Tacoma,WA,98404,510000,3,2.0,Se Tacoma,1674,12000,1916,,305,,Sold,,,https://www.redfin.com/WA/Tacoma/820-E-66th-St-98404/home/2977710,NWMLS as Distributed by MLS Grid,2176299,N,Y,47.1970136,-122.4197636
PAST SALE,June-29-2023,Single Family Residential,6619 E J St,Tacoma,WA,98404,465000,4,2.0,Tacoma,1738,6700,1977,,268,,Sold,,,https://www.redfin.com/WA/Tacoma/6619-E-J-St-98404/home/2786719,NWMLS as Distributed by MLS Grid,2067746,N,Y,47.1965034,-122.4173492
PAST SALE,September-14-2023,Single Family Residential,7415 20th Ave E,Tacoma,WA,98404,375000,3,1.0,Midland,1088,9900,1947,,345,,Sold,,,https://www.redfin.com/WA/Tacoma/7415-20th-Ave-E-98404/home/2607048,NWMLS as Distributed by MLS Grid,2147386,N,Y,47.1893412,-122.4021281
PAST SALE,June-23-2023,Single Family Residential,7001 E D St,Tacoma,WA,98404,585000,3,2.5,Hillsdale,1809,5000,2023,,323,,Sold,,,https://www.redfin.com/WA/Tacoma/7001-E-D-St-98404/home/23033476,NWMLS as Distributed by MLS Grid,2060975,N,Y,47.193177,-122.425055
PAST SALE,March-13-2023,Single Family Residential,5440 Clarkston St,Tacoma,WA,98404,410000,3,1.0,Tacoma,1068,7200,1944,,384,,Sold,,,https://www.redfin.com/WA/Tacoma/5440-Clarkston-St-98404/home/2980114,NWMLS as Distributed by MLS Grid,2033342,N,Y,47.2070706,-122.4271545
PAST SALE,December-29-2023,Single Family Residential,4053 E C St,Tacoma,WA,98404,267500,2,1.5,Se Tacoma,1396,8357,1954,,192,,Sold,,,https://www.redfin.com/WA/Tacoma/4053-E-C-St-98404/home/2961941,NWMLS as Distributed by MLS Grid,2183168,N,Y,47.2189522,-122.4277863
PAST SALE,December-22-2023,Single Family Residential,2211 E Wright Ave,Tacoma,WA,98404,400000,3,2.0,Tacoma,1367,5720,1943,,293,,Sold,,,https://www.redfin.com/WA/Tacoma/2211-E-Wright-Ave-98404/home/2845410,NWMLS as Distributed by MLS Grid,2180206,N,Y,47.2349779,-122.399719
PAST SALE,May-30-2023,Single Family Residential,1044 E 45th St,Tacoma,WA,98404,505000,4,2.0,McKinley,2940,12500,1960,,172,,Sold,,,https://www.redfin.com/WA/Tacoma/1044-E-45th-St-98404/home/2918371,NWMLS as Distributed by MLS Grid,2057632,N,Y,47.2160558,-122.4158572
PAST SALE,October-16-2023,Single Family Residential,214 North Ln,Tacoma,WA,98404,389500,2,1.5,Tacoma,864,7380,1944,,451,,Sold,,,https://www.redfin.com/WA/Tacoma/214-North-Ln-98404/home/2980051,NWMLS as Distributed by MLS Grid,2155799,N,Y,47.2092717,-122.4288329
PAST SALE,October-24-2023,Single Family Residential,1012 E 53rd St,Tacoma,WA,98404,440000,3,2.0,Tacoma,1258,6007,2009,,350,,Sold,,,https://www.redfin.com/WA/Tacoma/1012-E-53rd-St-98404/home/12405531,NWMLS as Distributed by MLS Grid,2158144,N,Y,47.2087719,-122.4165806
PAST SALE,December-4-2023,Single Family Residential,2222 E 35th St,Tacoma,WA,98404,260000,2,1.0,Indian Addition,1876,6500,1941,,139,,Sold,,,https://www.redfin.com/WA/Tacoma/2222-E-35th-St-98404/home/2845908,NWMLS as Distributed by MLS Grid,2167696,N,Y,47.2326739,-122.3985696
PAST SALE,March-22-2023,Single Family Residential,3712 E J St,Tacoma,WA,98404,549000,4,2.0,East Tacoma,1870,5000,1909,,294,,Sold,,,https://www.redfin.com/WA/Tacoma/3712-E-J-St-98404/home/2918718,NWMLS as Distributed by MLS Grid,2034495,N,Y,47.224251,-122.4177642
PAST SALE,August-25-2023,Single Family Residential,3594 E Portland Ave,Tacoma,WA,98404,245000,3,1.0,East Tacoma,1864,23600,1942,,131,,Sold,,,https://www.redfin.com/WA/Tacoma/3594-E-Portland-Ave-98404/home/2590915,NWMLS as Distributed by MLS Grid,2143119,N,Y,47.2267142,-122.4081016
PAST SALE,September-13-2023,Single Family Residential,2201 E 65 St,Tacoma,WA,98404,530000,4,2.5,East Tacoma,2044,8230,2004,,259,,Sold,,,https://www.redfin.com/WA/Tacoma/2201-E-65th-St-98404/home/3028982,NWMLS as Distributed by MLS Grid,2147405,N,Y,47.1983161,-122.3990026
PAST SALE,August-4-2023,Single Family Residential,825 E 57th St,Tacoma,WA,98404,395000,3,1.0,East Tacoma,936,6000,1950,,422,,Sold,,,https://www.redfin.com/WA/Tacoma/825-E-57th-St-98404/home/2990939,NWMLS as Distributed by MLS Grid,2130132,N,Y,47.2056149,-122.4194667
PAST SALE,May-30-2023,Single Family Residential,8027 E B St,Tacoma,WA,98404,450000,3,2.0,Se Tacoma,1360,6600,1969,,331,,Sold,,,https://www.redfin.com/WA/Tacoma/8027-E-B-St-98404/home/2770323,NWMLS as Distributed by MLS Grid,2055084,N,Y,47.1835771,-122.4285208
PAST SALE,May-8-2023,Single Family Residential,6841 E B St,Tacoma,WA,98404,370000,2,1.0,Tacoma,1138,8700,1939,,325,,Sold,,,https://www.redfin.com/WA/Tacoma/6841-E-B-St-98404/home/2921593,NWMLS as Distributed by MLS Grid,2053482,N,Y,47.1939869,-122.4282645
PAST SALE,June-27-2023,Single Family Residential,126 E 43rd St,Tacoma,WA,98404,315000,3,1.0,Tacoma,1271,6600,1925,,248,,Sold,,,https://www.redfin.com/WA/Tacoma/126-E-43rd-St-98404/home/2962135,NWMLS as Distributed by MLS Grid,2066272,N,Y,47.2181871,-122.4299727
PAST SALE,July-21-2023,Single Family Residential,3821 E Spokane St,Tacoma,WA,98404,335000,2,1.0,McKinley,670,5000,1943,,500,,Sold,,,https://www.redfin.com/WA/Tacoma/3821-E-Spokane-St-98404/home/2918790,NWMLS as Distributed by MLS Grid,2126198,N,Y,47.2222482,-122.4194243
PAST SALE,January-8-2024,Single Family Residential,2223 E Sherman St,Tacoma,WA,98404,315000,3,2.5,Indian Addition,1781,6500,2003,,177,,Sold,,,https://www.redfin.com/WA/Tacoma/2223-E-Sherman-St-98404/home/3004911,NWMLS as Distributed by MLS Grid,2177856,N,Y,47.229281,-122.397669
PAST SALE,August-10-2023,Single Family Residential,4031 E E St,Tacoma,WA,98404,340000,2,1.0,McKinley,832,6816,1920,,409,,Sold,,,https://www.redfin.com/WA/Tacoma/4031-E-E-St-98404/home/2961803,NWMLS as Distributed by MLS Grid,2127563,N,Y,47.2196758,-122.4244444
PAST SALE,August-15-2023,Single Family Residential,1310 E 56th St,Tacoma,WA,98404,415000,3,2.0,East Tacoma,2368,12000,1950,,175,,Sold,,,https://www.redfin.com/WA/Tacoma/1310-E-56th-St-98404/home/2942279,NWMLS as Distributed by MLS Grid,2133767,N,Y,47.2061033,-122.4110493
PAST SALE,October-25-2023,Single Family Residential,4050 E B St,Tacoma,WA,98404,310000,2,1.0,Se Tacoma,680,7700,1946,,456,,Sold,,,https://www.redfin.com/WA/Tacoma/4050-E-B-St-98404/home/2962121,NWMLS as Distributed by MLS Grid,2149954,N,Y,47.2190323,-122.4303367
PAST SALE,July-26-2023,Single Family Residential,1410 E 52nd St,Tacoma,WA,98404,385000,3,1.0,Tacoma,1048,6000,1900,,367,,Sold,,,https://www.redfin.com/WA/Tacoma/1410-E-52nd-St-98404/home/2755266,NWMLS as Distributed by MLS Grid,2101662,N,Y,47.209678,-122.4091866
PAST SALE,December-8-2023,Single Family Residential,3715 E Spokane St,Tacoma,WA,98404,400000,3,1.0,East Tacoma,1084,5000,1943,,369,,Sold,,,https://www.redfin.com/WA/Tacoma/3715-E-Spokane-St-98404/home/2918687,NWMLS as Distributed by MLS Grid,2171942,N,Y,47.2241253,-122.4193697
PAST SALE,December-5-2023,Single Family Residential,1012 E 61st St,Tacoma,WA,98404,360000,3,1.0,Hillsdale,950,6000,1946,,379,,Sold,,,https://www.redfin.com/WA/Tacoma/1012-E-61st-St-98404/home/2916483,NWMLS as Distributed by MLS Grid,2175061,N,Y,47.2015098,-122.4164663
PAST SALE,August-25-2023,Single Family Residential,1330 E 49th St,Tacoma,WA,98404,410000,5,2.0,Tacoma,1620,9700,1970,,253,,Sold,,,https://www.redfin.com/WA/Tacoma/1330-E-49th-St-98404/home/2943805,NWMLS as Distributed by MLS Grid,2138936,N,Y,47.2118833,-122.410745
PAST SALE,December-21-2023,Single Family Residential,908 E 51st St,Tacoma,WA,98404,425000,3,1.5,Se Tacoma,1096,7800,1955,,388,,Sold,,,https://www.redfin.com/WA/Tacoma/908-E-51st-St-98404/home/2839266,NWMLS as Distributed by MLS Grid,2179372,N,Y,47.2106121,-122.4177482
PAST SALE,March-14-2023,Single Family Residential,918 E 59th St,Tacoma,WA,98404,460000,4,2.5,Se Tacoma,1574,6003,2003,,292,,Sold,,,https://www.redfin.com/WA/Tacoma/918-E-59th-St-98404/home/3030857,NWMLS as Distributed by MLS Grid,2030601,N,Y,47.2034314,-122.4180134
PAST SALE,July-18-2023,Single Family Residential,1318 E 62nd St,Tacoma,WA,98404,450000,4,2.0,Tacoma,1307,6000,1969,,344,,Sold,,,https://www.redfin.com/WA/Tacoma/1318-E-62nd-St-98404/home/2916919,NWMLS as Distributed by MLS Grid,2073565,N,Y,47.2005829,-122.4106357
PAST SALE,November-29-2023,Single Family Residential,2027 E 64th St,Tacoma,WA,98404,542000,5,3.0,East Tacoma,2528,9000,1976,,214,,Sold,,,https://www.redfin.com/WA/Tacoma/2027-E-64th-St-98404/home/2917336,NWMLS as Distributed by MLS Grid,2156956,N,Y,47.1991801,-122.4008373
PAST SALE,June-2-2023,Single Family Residential,840 E 46th St,Tacoma,WA,98404,359000,2,1.0,Tacoma,660,6250,1942,,544,,Sold,,,https://www.redfin.com/WA/Tacoma/840-E-46th-St-98404/home/2765293,NWMLS as Distributed by MLS Grid,2049751,N,Y,47.2151686,-122.4188275
PAST SALE,June-23-2023,Single Family Residential,5802 E M St,Tacoma,WA,98404,425000,4,1.0,East Tacoma,1240,6000,1970,,343,,Sold,,,https://www.redfin.com/WA/Tacoma/5802-E-M-St-98404/home/2942231,NWMLS as Distributed by MLS Grid,2056666,N,Y,47.2042227,-122.4118893
PAST SALE,December-28-2023,Single Family Residential,3785 E R St,Tacoma,WA,98404,495000,3,2.5,Tacoma,2330,4266,2006,,212,100,Sold,,,https://www.redfin.com/WA/Tacoma/3785-E-R-St-98404/home/3042651,NWMLS as Distributed by MLS Grid,2180609,N,Y,47.2227775,-122.4037508
PAST SALE,October-3-2023,Single Family Residential,1716 E 42nd St,Tacoma,WA,98404,365000,4,2.0,Tacoma,1214,3989,2006,,301,100,Sold,,,https://www.redfin.com/WA/Tacoma/1716-E-42nd-St-98404/home/23093904,NWMLS as Distributed by MLS Grid,2155100,N,Y,47.2196601,-122.4058119
PAST SALE,December-29-2023,Single Family Residential,3522 E Grandview Ave,Tacoma,WA,98404,375000,4,2.0,Indian Addition,1108,5002,1988,,338,,Sold,,,https://www.redfin.com/WA/Tacoma/3522-E-Grandview-Ave-98404/home/2846355,NWMLS as Distributed by MLS Grid,2178881,N,Y,47.2313095,-122.3966672
PAST SALE,March-22-2023,Single Family Residential,415 E 40th Street Ct,Tacoma,WA,98404,480000,4,3.0,McKinley,2147,5006,2002,,224,,Sold,,,https://www.redfin.com/WA/Tacoma/415-E-40th-Street-Ct-98404/home/3004952,NWMLS as Distributed by MLS Grid,2033053,N,Y,47.2192396,-122.4257659
PAST SALE,March-23-2023,Single Family Residential,911 E 61st St,Tacoma,WA,98404,411500,3,1.5,Se Tacoma,1273,3000,2012,,323,,Sold,,,https://www.redfin.com/WA/Tacoma/911-E-61st-St-98404/home/22093876,NWMLS as Distributed by MLS Grid,2026631,N,Y,47.2019447,-122.4183806
PAST SALE,November-17-2023,Single Family Residential,3598 E Spokane St,Tacoma,WA,98404,400000,4,2.0,McKinley,1616,5000,1906,,248,,Sold,,,https://www.redfin.com/WA/Tacoma/3598-E-Spokane-St-98404/home/2918478,NWMLS as Distributed by MLS Grid,2170744,N,Y,47.2265541,-122.4198891
PAST SALE,February-16-2024,Single Family Residential,116 E Linden St,Tacoma,WA,98404,499000,4,2.0,Tacoma,1632,5800,1948,,306,,Sold,,,https://www.redfin.com/WA/Tacoma/116-E-Linden-St-98404/home/2921599,NWMLS as Distributed by MLS Grid,2170371,N,Y,47.1954555,-122.4305536
PAST SALE,July-31-2023,Single Family Residential,4228 E T St,Tacoma,WA,98404,475000,3,2.5,Se Tacoma,2064,3633,2014,,230,100,Sold,,,https://www.redfin.com/WA/Tacoma/4228-E-T-St-98404/home/22769154,NWMLS as Distributed by MLS Grid,2071003,N,Y,47.2182107,-122.4013928
PAST SALE,September-7-2023,Single Family Residential,1326 E 65th St,Tacoma,WA,98404,350000,1,1.0,Tacoma,617,6000,1939,,567,,Sold,,,https://www.redfin.com/WA/Tacoma/1326-E-65th-St-98404/home/2605313,NWMLS as Distributed by MLS Grid,2141059,N,Y,47.1977502,-122.4101892
PAST SALE,June-23-2023,Single Family Residential,3548 E T St,Tacoma,WA,98404,425000,3,2.0,Tacoma,1548,3700,1906,,275,,Sold,,,https://www.redfin.com/WA/Tacoma/3548-E-T-St-98404/home/2846587,NWMLS as Distributed by MLS Grid,2057087,N,Y,47.2283103,-122.4021166
PAST SALE,August-25-2023,Single Family Residential,1640 E 34TH St,Tacoma,WA,98404,400000,4,1.0,Indian Addition,1930,6500,1905,,207,,Sold,,,https://www.redfin.com/WA/Tacoma/1640-E-34th-St-98404/home/2845542,NWMLS as Distributed by MLS Grid,2132396,N,Y,47.2327021,-122.4070466
PAST SALE,November-13-2023,Single Family Residential,1709 E 60th St,Tacoma,WA,98404,440000,4,2.0,Se Tacoma,1709,6000,1978,,257,,Sold,,,https://www.redfin.com/WA/Tacoma/1709-E-60th-St-98404/home/2903214,NWMLS as Distributed by MLS Grid,2159246,N,Y,47.2027978,-122.4055167
PAST SALE,June-22-2023,Single Family Residential,843 E 52nd St,Tacoma,WA,98404,348000,2,1.0,Se Tacoma,812,5670,1941,,429,,Sold,,,https://www.redfin.com/WA/Tacoma/843-E-52nd-St-98404/home/2917542,NWMLS as Distributed by MLS Grid,2035793,N,Y,47.2103252,-122.4186881
PAST SALE,August-11-2023,Single Family Residential,512 E 46th St,Tacoma,WA,98404,411000,3,2.0,Se Tacoma,1104,4700,1910,,372,,Sold,,,https://www.redfin.com/WA/Tacoma/512-E-46th-St-98404/home/2961856,NWMLS as Distributed by MLS Grid,2128498,N,Y,47.2150134,-122.4243855
PAST SALE,October-31-2023,Single Family Residential,1317 E 62nd St,Tacoma,WA,98404,410000,4,1.0,East Tacoma,1175,6000,1970,,349,,Sold,,,https://www.redfin.com/WA/Tacoma/1317-E-62nd-St-98404/home/2916928,NWMLS as Distributed by MLS Grid,2166666,N,Y,47.2010653,-122.4105884
PAST SALE,February-2-2024,Single Family Residential,5813 E M St,Tacoma,WA,98404,415000,4,2.0,Tacoma,1148,5500,1970,,361,,Sold,,,https://www.redfin.com/WA/Tacoma/5813-E-M-St-98404/home/2942263,NWMLS as Distributed by MLS Grid,2184323,N,Y,47.2039228,-122.4113602
PAST SALE,December-27-2023,Single Family Residential,259 E 68th St,Tacoma,WA,98404,300000,3,1.5,Se Tacoma,1440,9000,1953,,208,,Sold,,,https://www.redfin.com/WA/Tacoma/259-E-68th-St-98404/home/2971131,NWMLS as Distributed by MLS Grid,2183354,N,Y,47.1957756,-122.4256858
PAST SALE,December-22-2023,Single Family Residential,4327 E G St,Tacoma,WA,98404,407000,2,1.0,McKinley,828,4150,1909,,492,,Sold,,,https://www.redfin.com/WA/Tacoma/4327-E-G-St-98404/home/2943359,NWMLS as Distributed by MLS Grid,2172536,N,Y,47.217443,-122.4216756
PAST SALE,November-9-2023,Single Family Residential,902 E 51st St,Tacoma,WA,98404,408000,3,1.0,Tacoma,1036,7200,1955,,394,,Sold,,,https://www.redfin.com/WA/Tacoma/902-E-51st-St-98404/home/2839263,NWMLS as Distributed by MLS Grid,2164721,N,Y,47.2106229,-122.4179826
PAST SALE,September-22-2023,Single Family Residential,416 E 64th St,Tacoma,WA,98404,508000,4,2.0,Se Tacoma,1856,5000,1912,,274,,Sold,,,https://www.redfin.com/WA/Tacoma/416-E-64th-St-98404/home/3030321,NWMLS as Distributed by MLS Grid,2149380,N,Y,47.1988405,-122.4253999
PAST SALE,August-14-2023,Single Family Residential,4622 E F St,Tacoma,WA,98404,450000,3,2.0,Tacoma,1338,7100,1921,,336,,Sold,,,https://www.redfin.com/WA/Tacoma/4622-E-F-St-98404/home/2961848,NWMLS as Distributed by MLS Grid,2127618,N,Y,47.2143716,-122.4238619
PAST SALE,March-21-2023,Single Family Residential,5703 E K St Lot 2,Tacoma,WA,98404,550000,4,2.5,Tacoma,1743,5000,2023,,316,,Sold,,,https://www.redfin.com/WA/Tacoma/5703-E-K-St-98404/unit-2/home/184108280,NWMLS as Distributed by MLS Grid,2033093,N,Y,47.204752,-122.413851
PAST SALE,May-5-2023,Single Family Residential,5613 E Portland Ave,Tacoma,WA,98404,419000,3,2.0,East Tacoma,1192,7200,1980,,352,,Sold,,,https://www.redfin.com/WA/Tacoma/5613-E-Portland-Ave-98404/home/2903043,NWMLS as Distributed by MLS Grid,2045668,N,Y,47.2056295,-122.4075786
PAST SALE,November-30-2023,Single Family Residential,1211 E 56th St,Tacoma,WA,98404,425000,4,2.5,Se Tacoma,1896,9525,1978,,224,,Sold,,,https://www.redfin.com/WA/Tacoma/1211-E-56th-St-98404/home/2597636,NWMLS as Distributed by MLS Grid,2166316,N,Y,47.206551,-122.4127225
PAST SALE,July-26-2023,Single Family Residential,4514 201st Street Ct E,Spanaway,WA,98387,500000,4,2.5,Spanaway,1948,7161,2010,,257,,Sold,,,https://www.redfin.com/WA/Spanaway/4514-201st-Street-Ct-E-98387/home/22754826,NWMLS as Distributed by MLS Grid,2076863,N,Y,47.21862,-122.401062
PAST SALE,July-25-2023,Single Family Residential,1007 E 68th St,Tacoma,WA,98404,360000,4,1.0,Tacoma,1162,5000,1968,,310,,Sold,,,https://www.redfin.com/WA/Tacoma/1007-E-68th-St-98404/home/2606319,NWMLS as Distributed by MLS Grid,2055145,N,Y,47.1955922,-122.4163356
PAST SALE,June-9-2023,Single Family Residential,2911 E K St,Tacoma,WA,98404,169000,2,1.0,McKinley,988,6500,1944,,171,,Sold,,,https://www.redfin.com/WA/Tacoma/2911-E-K-St-98404/home/2715584,NWMLS as Distributed by MLS Grid,2060757,N,Y,47.2363311,-122.4172425
PAST SALE,September-13-2023,Single Family Residential,1403 E 64th St,Tacoma,WA,98404,375000,2,1.0,Se Tacoma,894,8775,1920,,419,,Sold,,,https://www.redfin.com/WA/Tacoma/1403-E-64th-St-98404/home/2917077,NWMLS as Distributed by MLS Grid,2141338,N,Y,47.1992341,-122.4095613
PAST SALE,October-10-2023,Single Family Residential,716 E 49th St,Tacoma,WA,98404,405000,3,1.0,Se Tacoma,1163,7280,1952,,348,,Sold,,,https://www.redfin.com/WA/Tacoma/716-E-49th-St-98404/home/2595019,NWMLS as Distributed by MLS Grid,2151325,N,Y,47.2124549,-122.4218611
PAST SALE,July-25-2023,Single Family Residential,3837 E I St,Tacoma,WA,98404,367000,2,2.0,East Tacoma,862,5000,1943,,426,,Sold,,,https://www.redfin.com/WA/Tacoma/3837-E-I-St-98404/home/2918770,NWMLS as Distributed by MLS Grid,2075873,N,Y,47.2216916,-122.4183291
PAST SALE,January-8-2024,Single Family Residential,7801 25th Ave E,Tacoma,WA,98404,1000000,3,2.0,Summit,2390,195584,1960,,418,,Sold,,,https://www.redfin.com/WA/Tacoma/7801-25th-Ave-E-98404/home/2974274,NWMLS as Distributed by MLS Grid,2179116,N,Y,47.1867064,-122.3956884
PAST SALE,February-7-2024,Single Family Residential,909 E Wright,Tacoma,WA,98404,389900,3,1.0,Tacoma,1370,8000,1939,,285,,Sold,,,https://www.redfin.com/WA/Tacoma/909-E-Wright-Ave-98404/home/2716380,NWMLS as Distributed by MLS Grid,2185510,N,Y,47.2326923,-122.4193213
PAST SALE,November-6-2023,Single Family Residential,852 E 38th St,Tacoma,WA,98404,340000,3,1.0,East Tacoma,1514,5400,1955,,225,,Sold,,,https://www.redfin.com/WA/Tacoma/852-E-38th-St-98404/home/2918787,NWMLS as Distributed by MLS Grid,2156571,N,Y,47.2229286,-122.41939
PAST SALE,October-30-2023,Single Family Residential,3619 E Portland Ave,Tacoma,WA,98404,580000,4,3.0,Tacoma,2057,32360,1900,,282,,Sold,,,https://www.redfin.com/WA/Tacoma/3619-E-Portland-Ave-98404/home/2591028,NWMLS as Distributed by MLS Grid,2159667,N,Y,47.225879,-122.40667
PAST SALE,March-15-2023,Single Family Residential,4065 E G St,Tacoma,WA,98404,532500,3,2.0,McKinley,1812,4250,1915,,294,,Sold,,,https://www.redfin.com/WA/Tacoma/4065-E-G-St-98404/home/2817255,NWMLS as Distributed by MLS Grid,2027292,N,Y,47.2187228,-122.4216772
PAST SALE,November-13-2023,Single Family Residential,1401 E 60th St,Tacoma,WA,98404,495000,4,2.0,East Tacoma,1569,6000,1994,,315,,Sold,,,https://www.redfin.com/WA/Tacoma/1401-E-60th-St-98404/home/2903165,NWMLS as Distributed by MLS Grid,2150185,N,Y,47.2027777,-122.409608
PAST SALE,June-22-2023,Single Family Residential,812 E 64th St,Tacoma,WA,98404,385000,3,1.0,South Tacoma,1032,4440,1904,,373,,Sold,,,https://www.redfin.com/WA/Tacoma/812-E-64th-St-98404/home/2977684,NWMLS as Distributed by MLS Grid,2063118,N,Y,47.1988342,-122.420153
PAST SALE,November-1-2023,Single Family Residential,435 E 64th St,Tacoma,WA,98404,429900,3,2.0,Se Tacoma,1676,6000,1926,,257,,Sold,,,https://www.redfin.com/WA/Tacoma/435-E-64th-St-98404/home/2735337,NWMLS as Distributed by MLS Grid,2160135,N,Y,47.1992523,-122.4242335
PAST SALE,February-12-2024,Single Family Residential,613 E 75th St,Tacoma,WA,98404,350000,3,2.5,Se Tacoma,1334,4493,2002,,262,,Sold,,,https://www.redfin.com/WA/Tacoma/613-E-75th-St-98404/home/3004898,NWMLS as Distributed by MLS Grid,2184715,N,Y,47.1892215,-122.4227705
PAST SALE,August-21-2023,Single Family Residential,7223 E G St,Tacoma,WA,98404,410000,3,2.5,Se Tacoma,1530,3000,2005,,268,,Sold,,,https://www.redfin.com/WA/Tacoma/7223-E-G-St-98404/home/3036169,NWMLS as Distributed by MLS Grid,2074337,N,Y,47.1909029,-122.4218963
PAST SALE,May-5-2023,Single Family Residential,6802 Homestead Ave,Tacoma,WA,98404,459000,3,2.0,Swan Creek,1456,10933,1968,,315,,Sold,,,https://www.redfin.com/WA/Tacoma/6802-Homestead-Ave-98404/home/2732092,NWMLS as Distributed by MLS Grid,2035247,N,Y,47.1952004,-122.4010627
PAST SALE,October-11-2023,Single Family Residential,829 E 47th St,Tacoma,WA,98404,345000,2,1.0,Se Tacoma,693,3125,1919,,498,0,Sold,,,https://www.redfin.com/WA/Tacoma/829-E-47th-St-98404/home/189785268,NWMLS as Distributed by MLS Grid,2145401,N,Y,47.2146388,-122.4192927
PAST SALE,October-4-2023,Single Family Residential,7916 20th Ave E,Tacoma,WA,98404,390000,3,2.0,Waller,1170,7840,1989,,333,,Sold,,,https://www.redfin.com/WA/Tacoma/7916-20th-Ave-E-98404/home/2607985,NWMLS as Distributed by MLS Grid,2151823,N,Y,47.1848881,-122.4027782
PAST SALE,November-3-2023,Single Family Residential,3593 E G St,Tacoma,WA,98404,380000,3,2.0,McKinley,1512,3700,1927,,251,,Sold,,,https://www.redfin.com/WA/Tacoma/3593-E-G-St-98404/home/2961649,NWMLS as Distributed by MLS Grid,2153396,N,Y,47.2267559,-122.421694
PAST SALE,December-14-2023,Single Family Residential,7231 E G St,Tacoma,WA,98404,340000,3,2.5,Tacoma,1530,3000,2005,,222,,Sold,,,https://www.redfin.com/WA/Tacoma/7231-E-G-St-98404/home/3036173,NWMLS as Distributed by MLS Grid,2159911,N,Y,47.1906244,-122.4219504
PAST SALE,December-22-2023,Single Family Residential,1320 E Lennox Pl,Tacoma,WA,98404,324995,1,1.0,McKinley,738,4875,1911,,440,,Sold,,,https://www.redfin.com/WA/Tacoma/1320-E-Lennox-Pl-98404/home/2918964,NWMLS as Distributed by MLS Grid,2177135,N,Y,47.2277236,-122.4117963
PAST SALE,October-30-2023,Single Family Residential,1034 E 48th St,Tacoma,WA,98404,440000,3,2.0,East Tacoma,1728,9900,1950,,255,,Sold,,,https://www.redfin.com/WA/Tacoma/1034-E-48th-St-98404/home/2597618,NWMLS as Distributed by MLS Grid,2156789,N,Y,47.2133621,-122.4161768
PAST SALE,April-12-2023,Single Family Residential,411 E 46th St,Tacoma,WA,98404,395000,3,1.0,McKinley,852,11337,1946,,464,,Sold,,,https://www.redfin.com/WA/Tacoma/411-E-46th-St-98404/home/112479838,NWMLS as Distributed by MLS Grid,2032729,N,Y,47.2154336,-122.4258772
PAST SALE,August-3-2023,Single Family Residential,5702 E M St,Tacoma,WA,98404,323000,3,1.0,East Tacoma,1002,9150,1967,,322,,Sold,,,https://www.redfin.com/WA/Tacoma/5702-E-M-St-98404/home/2942223,NWMLS as Distributed by MLS Grid,2076942,N,Y,47.2052149,-122.4119766
PAST SALE,September-22-2023,Single Family Residential,821 E 65th St,Tacoma,WA,98404,417000,3,1.0,Se Tacoma,1348,6000,1977,,309,,Sold,,,https://www.redfin.com/WA/Tacoma/821-E-65th-St-98404/home/2977690,NWMLS as Distributed by MLS Grid,2141954,N,Y,47.1983503,-122.4197019
PAST SALE,October-6-2023,Single Family Residential,1729 E 65th St,Tacoma,WA,98404,389000,3,1.0,Tacoma,1360,7500,1956,,286,,Sold,,,https://www.redfin.com/WA/Tacoma/1729-E-65th-St-98404/home/2605661,NWMLS as Distributed by MLS Grid,2140064,N,Y,47.1984688,-122.4045623
PAST SALE,September-18-2023,Single Family Residential,1312 E Lennox Pl,Tacoma,WA,98404,400000,2,1.0,McKinley,1480,6300,1979,,270,,Sold,,,https://www.redfin.com/WA/Tacoma/1312-E-Lennox-Pl-98404/home/2918963,NWMLS as Distributed by MLS Grid,2138038,N,Y,47.2276729,-122.4121915
PAST SALE,June-12-2023,Single Family Residential,927 78th Street Ct E,Tacoma,WA,98404,460000,4,2.5,Midland,1702,6640,2002,,270,,Sold,,,https://www.redfin.com/WA/Tacoma/927-78th-Street-Ct-E-98404/home/3003275,NWMLS as Distributed by MLS Grid,2041461,N,Y,47.1859718,-122.416942
PAST SALE,August-4-2023,Single Family Residential,320 South Ln,Tacoma,WA,98404,406000,4,1.5,Se Tacoma,1185,8500,1944,,343,,Sold,,,https://www.redfin.com/WA/Tacoma/320-South-Ln-98404/home/2980136,NWMLS as Distributed by MLS Grid,2101744,N,Y,47.2065949,-122.4266771
PAST SALE,June-22-2023,Single Family Residential,1727 E 61st St,Tacoma,WA,98404,489000,4,2.0,East Tacoma,1538,9000,1964,,318,,Sold,,,https://www.redfin.com/WA/Tacoma/1727-E-61st-St-98404/home/2917163,NWMLS as Distributed by MLS Grid,2051202,N,Y,47.2019332,-122.4044894
PAST SALE,July-3-2023,Single Family Residential,2054 E 34th St,Tacoma,WA,98404,450000,3,2.5,Indian Addition,1850,6500,1995,,243,,Sold,,,https://www.redfin.com/WA/Tacoma/2054-E-34th-St-98404/home/2845678,NWMLS as Distributed by MLS Grid,2051018,N,Y,47.2334303,-122.4001762
PAST SALE,July-7-2023,Single Family Residential,1214 E 61st St,Tacoma,WA,98404,449888,3,2.0,East Tacoma,1744,6000,1976,,258,,Sold,,,https://www.redfin.com/WA/Tacoma/1214-E-61st-St-98404/home/2916723,NWMLS as Distributed by MLS Grid,2064024,N,Y,47.2014741,-122.4126529
PAST SALE,August-7-2023,Single Family Residential,6812 E B St,Tacoma,WA,98404,490000,3,2.0,Hillsdale,1336,4709,2016,,367,,Sold,,,https://www.redfin.com/WA/Tacoma/6812-E-B-St-98404/home/106419040,NWMLS as Distributed by MLS Grid,2059832,N,Y,47.1948656,-122.4290943
PAST SALE,February-16-2024,Single Family Residential,252 E 69th St,Tacoma,WA,98404,540000,4,3.0,East Tacoma,1776,5451,1995,,304,,Sold,,,https://www.redfin.com/WA/Tacoma/252-E-69th-St-98404/home/2971124,NWMLS as Distributed by MLS Grid,2186460,N,Y,47.1946344,-122.4260697
PAST SALE,December-7-2023,Single Family Residential,3770 E T St,Tacoma,WA,98404,417000,3,2.5,East Tacoma,1340,15736,2012,,311,,Sold,,,https://www.redfin.com/WA/Tacoma/3770-E-T-St-98404/home/2948764,NWMLS as Distributed by MLS Grid,2167898,N,Y,47.2236004,-122.4022245
PAST SALE,September-12-2023,Single Family Residential,1314 E 58th St,Tacoma,WA,98404,575000,5,3.0,East Tacoma,2498,5592,2008,,230,,Sold,,,https://www.redfin.com/WA/Tacoma/1314-E-58th-St-98404/home/21471573,NWMLS as Distributed by MLS Grid,2130681,N,Y,47.2042263,-122.4109381
PAST SALE,June-6-2023,Single Family Residential,1829 E Sherman St,Tacoma,WA,98404,509000,5,3.0,Indian Addition,2240,6500,1994,,227,,Sold,,,https://www.redfin.com/WA/Tacoma/1829-E-Sherman-St-98404/home/2846574,NWMLS as Distributed by MLS Grid,2039979,N,Y,47.2286098,-122.4034541
PAST SALE,September-11-2023,Single Family Residential,1619 66 St E,Tacoma,WA,98404,405000,3,1.0,Se Tacoma,1197,10000,1950,,338,,Sold,,,https://www.redfin.com/WA/Tacoma/1619-E-66th-St-98404/home/2977148,NWMLS as Distributed by MLS Grid,2142020,N,Y,47.1977227,-122.40692
PAST SALE,February-2-2024,Single Family Residential,2035 E 37th St,Tacoma,WA,98404,390000,4,1.5,Tacoma,1416,6615,1971,,275,,Sold,,,https://www.redfin.com/WA/Tacoma/2035-E-37th-St-98404/home/2948716,NWMLS as Distributed by MLS Grid,2181860,N,Y,47.2257917,-122.3998662
PAST SALE,March-24-2023,Single Family Residential,2008 E 37th St,Tacoma,WA,98404,255000,4,2.0,East Tacoma,1434,5500,1912,,178,,Sold,,,https://www.redfin.com/WA/Tacoma/2008-E-37th-St-98404/home/2948718,NWMLS as Distributed by MLS Grid,2020862,N,Y,47.2253547,-122.4015162
PAST SALE,March-22-2023,Single Family Residential,5506 E E St,Tacoma,WA,98404,430000,3,2.0,Se Tacoma,1293,7869,1992,,333,,Sold,,,https://www.redfin.com/WA/Tacoma/5506-E-E-St-98404/home/2725837,NWMLS as Distributed by MLS Grid,2025330,N,Y,47.2073645,-122.4250843
PAST SALE,January-22-2024,Single Family Residential,2015 79th Street Ct E,Tacoma,WA,98404,351001,4,3.0,Midland,1902,4400,2001,,185,,Sold,,,https://www.redfin.com/WA/Tacoma/2015-79th-Street-Ct-E-98404/home/2997401,NWMLS as Distributed by MLS Grid,2175918,N,Y,47.1852909,-122.4020419
PAST SALE,December-14-2023,Single Family Residential,2245 E Division Ln,Tacoma,WA,98404,405000,4,2.0,Tacoma,1380,6500,1985,,293,,Sold,,,https://www.redfin.com/WA/Tacoma/2245-E-Division-Ln-98404/home/2846679,NWMLS as Distributed by MLS Grid,2163206,N,Y,47.2283479,-122.3963541
PAST SALE,January-5-2024,Single Family Residential,2514 80th St E,Tacoma,WA,98404,750000,3,2.0,Summit,2276,57500,1952,,330,,Sold,,,https://www.redfin.com/WA/Tacoma/2514-80th-St-E-98404/home/2626629,NWMLS as Distributed by MLS Grid,2174783,N,Y,47.1841212,-122.3949327
PAST SALE,December-26-2023,Single Family Residential,427 E 62nd St,Tacoma,WA,98404,412500,4,1.5,Tacoma,1524,6000,1923,,271,,Sold,,,https://www.redfin.com/WA/Tacoma/427-E-62nd-St-98404/home/2735191,NWMLS as Distributed by MLS Grid,2173850,N,Y,47.2010627,-122.4245548
PAST SALE,January-12-2024,Single Family Residential,4628 E Q St,Tacoma,WA,98404,465000,3,2.5,Tacoma,1548,2800,2015,,300,100,Sold,,,https://www.redfin.com/WA/Tacoma/4628-E-Q-St-98404/home/39892256,NWMLS as Distributed by MLS Grid,2174696,N,Y,47.2146828,-122.4069014
PAST SALE,March-21-2023,Single Family Residential,428 E Bismark St,Tacoma,WA,98404,490000,4,2.0,Tacoma,1560,10000,1966,,314,,Sold,,,https://www.redfin.com/WA/Tacoma/428-E-Bismark-St-98404/home/2970793,NWMLS as Distributed by MLS Grid,2024106,N,Y,47.1984137,-122.4250032
PAST SALE,December-5-2023,Single Family Residential,4835 E B St,Tacoma,WA,98404,350000,4,1.0,Tacoma,1422,5000,1933,,246,,Sold,,,https://www.redfin.com/WA/Tacoma/4835-E-B-St-98404/home/2946481,NWMLS as Distributed by MLS Grid,2164791,N,Y,47.2122389,-122.4295946
PAST SALE,January-12-2024,Single Family Residential,1839 E Fairbanks St,Tacoma,WA,98404,400000,4,1.0,Tacoma,2000,6500,1908,,200,,Sold,,,https://www.redfin.com/WA/Tacoma/1839-E-Fairbanks-St-98404/home/2846477,NWMLS as Distributed by MLS Grid,2171890,N,Y,47.2296552,-122.4032404
PAST SALE,March-17-2023,Single Family Residential,1607 E 64th St,Tacoma,WA,98404,370000,3,1.5,Se Tacoma,1444,5800,1946,,256,,Sold,,,https://www.redfin.com/WA/Tacoma/1607-E-64th-St-98404/home/2917085,NWMLS as Distributed by MLS Grid,2023207,N,Y,47.1992188,-122.4074283
PAST SALE,January-23-2024,Single Family Residential,1324 E 35th St,Tacoma,WA,98404,325000,2,1.0,Tacoma,576,6500,1929,,564,,Sold,,,https://www.redfin.com/WA/Tacoma/1324-E-35th-St-98404/home/2845740,NWMLS as Distributed by MLS Grid,2178216,N,Y,47.2310319,-122.4120557
PAST SALE,December-19-2023,Single Family Residential,1302 E 32nd St,Tacoma,WA,98404,599000,3,2.5,McKinley,1902,6500,2022,,315,,Sold,,,https://www.redfin.com/WA/Tacoma/1302-E-32nd-St-98404/home/23036653,NWMLS as Distributed by MLS Grid,2169204,N,Y,47.2340019,-122.413785
PAST SALE,November-22-2023,Single Family Residential,8214 E Sherwood St,Tacoma,WA,98404,445000,4,1.5,Fern Hill,1856,8040,1959,,240,,Sold,,,https://www.redfin.com/WA/Tacoma/8214-E-Sherwood-St-98404/home/2830142,NWMLS as Distributed by MLS Grid,2140787,N,Y,47.1821742,-122.4304305
PAST SALE,January-19-2024,Single Family Residential,3839 McKinley Ave,Tacoma,WA,98404,299000,5,3.0,McKinley,2130,5000,1930,,140,,Sold,,,https://www.redfin.com/WA/Tacoma/3839-McKinley-Ave-98404/home/2918819,NWMLS as Distributed by MLS Grid,2165795,N,Y,47.2215588,-122.4205173
PAST SALE,,Single Family Residential,1829 E Fairbanks St,Tacoma,WA,98404,397000,2,2.0,,1344,6500,1910,,295,,,,,https://www.redfin.com/WA/Tacoma/1829-E-Fairbanks-St-98404/home/2846474,,,N,Y,47.2295479,-122.4037474
PAST SALE,April-3-2023,Single Family Residential,702 E 49th St,Tacoma,WA,98404,344000,2,1.0,East Tacoma,1152,6500,1967,,299,,Sold,,,https://www.redfin.com/WA/Tacoma/702-E-49th-St-98404/home/2594905,NWMLS as Distributed by MLS Grid,2022455,N,Y,47.2124541,-122.4226692
PAST SALE,September-22-2023,Single Family Residential,5116 E E St,Tacoma,WA,98404,699000,5,2.5,East Tacoma,2507,5085,2023,,279,,Sold,,,https://www.redfin.com/WA/Tacoma/5116-E-E-St-98404/home/22784176,NWMLS as Distributed by MLS Grid,2135288,N,Y,47.2103126,-122.4248685
PAST SALE,March-3-2023,Single Family Residential,1428 E 55th St,Tacoma,WA,98404,350000,3,1.0,East Tacoma,972,8620,1979,,360,,Sold,,,https://www.redfin.com/WA/Tacoma/1428-E-55th-St-98404/home/2755171,NWMLS as Distributed by MLS Grid,2020607,N,Y,47.2069657,-122.4083243
PAST SALE,January-11-2024,Single Family Residential,320 E 40th St,Tacoma,WA,98404,565000,4,2.0,Tacoma,2699,37050,1932,,209,,Sold,,,https://www.redfin.com/WA/Tacoma/320-E-40th-St-98404/home/2961929,NWMLS as Distributed by MLS Grid,2162691,N,Y,47.2206005,-122.4275143
PAST SALE,August-25-2023,Single Family Residential,1131 E 58th St,Tacoma,WA,98404,595000,4,2.5,Tacoma,2123,5000,2023,,280,,Sold,,,https://www.redfin.com/WA/Tacoma/1131-E-58th-St-98404/home/182775734,NWMLS as Distributed by MLS Grid,2127849,N,Y,47.2047691,-122.4137197
PAST SALE,October-17-2023,Single Family Residential,3789 E Q St,Tacoma,WA,98404,405000,3,1.0,Tacoma,1456,3323,2005,,278,100,Sold,,,https://www.redfin.com/WA/Tacoma/3789-E-Q-St-98404/home/3042665,NWMLS as Distributed by MLS Grid,2135924,N,Y,47.2226001,-122.4048487
PAST SALE,September-27-2023,Single Family Residential,3579 E R St,Tacoma,WA,98404,410000,4,1.5,Tacoma,1134,5494,1982,,362,,Sold,,,https://www.redfin.com/WA/Tacoma/3579-E-R-St-98404/home/2988044,NWMLS as Distributed by MLS Grid,2130947,N,Y,47.2275176,-122.4036816
PAST SALE,November-30-2023,Single Family Residential,3251 E I St,Tacoma,WA,98404,429950,3,1.0,Tacoma,2020,4000,1931,,213,,Sold,,,https://www.redfin.com/WA/Tacoma/3251-E-I-St-98404/home/2716373,NWMLS as Distributed by MLS Grid,2155166,N,Y,47.232825,-122.4197125
PAST SALE,June-21-2023,Single Family Residential,6663 E Portland Ave,Tacoma,WA,98404,325000,0,,Se Tacoma,926,5009,1970,,351,,Sold,,,https://www.redfin.com/WA/Tacoma/6663-E-Portland-Ave-98404/home/2977131,NWMLS as Distributed by MLS Grid,2042530,N,Y,47.1962534,-122.4074012
PAST SALE,May-11-2023,Single Family Residential,2026 E 35th St,Tacoma,WA,98404,669000,5,3.0,East Tacoma,2365,6500,2022,,283,,Sold,,,https://www.redfin.com/WA/Tacoma/2026-E-35th-St-98404/home/2845839,NWMLS as Distributed by MLS Grid,2027994,N,Y,47.2323345,-122.4013557
PAST SALE,December-4-2023,Single Family Residential,5204 E B St,Tacoma,WA,98404,580000,4,2.5,Tacoma,2080,5179,2019,,279,,Sold,,,https://www.redfin.com/WA/Tacoma/5204-E-B-St-98404/home/145563149,NWMLS as Distributed by MLS Grid,2156854,N,Y,47.2097859,-122.4301552
PAST SALE,August-14-2023,Single Family Residential,2014 E Fairbanks St,Tacoma,WA,98404,715000,3,2.5,Tacoma,4206,6500,2012,,170,,Sold,,,https://www.redfin.com/WA/Tacoma/2014-E-Fairbanks-St-98404/home/2846501,NWMLS as Distributed by MLS Grid,2065907,N,Y,47.2293838,-122.4012766
PAST SALE,September-15-2023,Single Family Residential,917 E 58th St,Tacoma,WA,98404,338000,2,1.0,Se Tacoma,912,6000,1949,,371,,Sold,,,https://www.redfin.com/WA/Tacoma/917-E-58th-St-98404/home/2991003,NWMLS as Distributed by MLS Grid,2073904,N,Y,47.2047048,-122.4180179
PAST SALE,June-1-2023,Single Family Residential,2026 E 36th St,Tacoma,WA,98404,335000,3,1.0,East Tacoma,1088,5500,1969,,308,,Sold,,,https://www.redfin.com/WA/Tacoma/2026-E-36th-St-98404/home/2948706,NWMLS as Distributed by MLS Grid,2034713,N,Y,47.2261994,-122.4004587
PAST SALE,September-28-2023,Single Family Residential,8005 A St,Tacoma,WA,98408,390000,3,2.0,South Tacoma,1264,6098,1970,,309,,Sold,,,https://www.redfin.com/WA/Tacoma/8005-A-St-98408/home/2619748,NWMLS as Distributed by MLS Grid,2069859,N,Y,47.1843674,-122.4311495
PAST SALE,September-25-2023,Single Family Residential,720 E 48th St,Tacoma,WA,98464,364950,2,1.0,Se Tacoma,688,6050,1920,,530,,Sold,,,https://www.redfin.com/WA/Tacoma/720-E-48th-St-98404/home/2728145,NWMLS as Distributed by MLS Grid,2077929,N,Y,47.2133725,-122.4216143
PAST SALE,November-14-2023,Single Family Residential,831 E 47th St,Tacoma,WA,98404,349000,2,1.0,Se Tacoma,671,3125,1919,,520,0,Sold,,,https://www.redfin.com/WA/Tacoma/831-E-47th-St-98404/home/177012275,NWMLS as Distributed by MLS Grid,2151858,N,Y,47.2147961,-122.4191988
PAST SALE,December-22-2023,Single Family Residential,4052 E F St,Tacoma,WA,98404,242500,2,1.0,Tacoma,705,7100,1910,,344,,Sold,,,https://www.redfin.com/WA/Tacoma/4052-E-F-St-98404/home/2961789,NWMLS as Distributed by MLS Grid,2156844,N,Y,47.2189819,-122.4238331
PAST SALE,November-17-2023,Single Family Residential,5806 E Swan Creek Dr,Tacoma,WA,98404,360000,4,1.5,Swan Creek,1107,5000,1971,,325,,Sold,,,https://www.redfin.com/WA/Tacoma/5806-E-Swan-Creek-Dr-98404/home/2976906,NWMLS as Distributed by MLS Grid,2139915,N,Y,47.2041099,-122.4020415
PAST SALE,December-8-2023,Single Family Residential,3307 E K St,Tacoma,WA,98404,500000,4,2.0,East Tacoma,2518,5000,1926,,199,,Sold,,,https://www.redfin.com/WA/Tacoma/3307-E-K-St-98404/home/2716877,NWMLS as Distributed by MLS Grid,2154156,N,Y,47.2324702,-122.4162423
PAST SALE,June-1-2023,Single Family Residential,7601 E D St,Tacoma,WA,98404,460000,4,2.0,Fern Hill,1472,6600,1977,,313,,Sold,,,https://www.redfin.com/WA/Tacoma/7601-E-D-St-98404/home/2973322,NWMLS as Distributed by MLS Grid,2029888,N,Y,47.1880568,-122.4259145
PAST SALE,May-25-2023,Single Family Residential,609 E 64th St,Tacoma,WA,98404,450000,3,2.0,Tacoma,1508,12000,1902,,298,,Sold,,,https://www.redfin.com/WA/Tacoma/609-E-64th-St-98404/home/2735091,NWMLS as Distributed by MLS Grid,2032604,N,Y,47.1992785,-122.4229433
PAST SALE,December-15-2023,Single Family Residential,4826 E E St,Tacoma,WA,98404,478000,3,2.5,East Tacoma,1720,5532,2010,,278,,Sold,,,https://www.redfin.com/WA/Tacoma/4826-E-E-St-98404/home/22775909,NWMLS as Distributed by MLS Grid,2153936,N,Y,47.2127896,-122.4260389
PAST SALE,March-23-2023,Single Family Residential,1215 E 62nd St,Tacoma,WA,98404,454000,4,2.0,East Tacoma,1488,6000,1977,,305,,Sold,,,https://www.redfin.com/WA/Tacoma/1215-E-62nd-St-98404/home/2916763,NWMLS as Distributed by MLS Grid,2018075,N,Y,47.2010249,-122.4125954
PAST SALE,September-1-2023,Single Family Residential,1951 E 65th St,Tacoma,WA,98404,430000,4,2.0,Tacoma,1136,9225,1969,,379,,Sold,,,https://www.redfin.com/WA/Tacoma/1951-E-65th-St-98404/home/2732224,NWMLS as Distributed by MLS Grid,2066484,N,Y,47.1984816,-122.4023736
PAST SALE,April-25-2023,Single Family Residential,214 E 48th St,Tacoma,WA,98404,490000,4,2.0,Se Tacoma,2192,6660,1976,,224,,Sold,,,https://www.redfin.com/WA/Tacoma/214-E-48th-St-98404/home/2946470,NWMLS as Distributed by MLS Grid,2017021,N,Y,47.2133357,-122.4291514
PAST SALE,March-15-2023,Single Family Residential,3819 E G St,Tacoma,WA,98404,425000,4,2.0,McKinley,1839,4750,1916,,231,,Sold,,,https://www.redfin.com/WA/Tacoma/3819-E-G-St-98404/home/2961665,NWMLS as Distributed by MLS Grid,2013314,N,Y,47.2224162,-122.4216798
PAST SALE,May-8-2023,Single Family Residential,1809 E Wright Ave,Tacoma,WA,98404,329500,3,1.0,East Tacoma,880,6500,1960,,374,,Sold,,,https://www.redfin.com/WA/Tacoma/1809-E-Wright-Ave-98404/home/2845272,NWMLS as Distributed by MLS Grid,2021855,N,Y,47.2343876,-122.405717
PAST SALE,March-17-2023,Single Family Residential,5002 E L St,Tacoma,WA,98404,455000,3,2.0,East Tacoma,1900,7068,1970,,239,,Sold,,,https://www.redfin.com/WA/Tacoma/5002-E-L-St-98404/home/2935349,NWMLS as Distributed by MLS Grid,2012551,N,Y,47.2115311,-122.413771
PAST SALE,March-3-2023,Single Family Residential,3702 E Roosevelt Ave,Tacoma,WA,98404,518000,5,2.5,Tacoma,2373,6875,2022,,218,,Sold,,,https://www.redfin.com/WA/Tacoma/3702-E-Roosevelt-Ave-98404/home/106418693,NWMLS as Distributed by MLS Grid,1987414,N,Y,47.2254035,-122.3990778
PAST SALE,April-5-2023,Single Family Residential,218 South Ln,Tacoma,WA,98404,385000,4,1.0,Se Tacoma,1533,7150,1944,,251,,Sold,,,https://www.redfin.com/WA/Tacoma/218-South-Ln-98404/home/2980084,NWMLS as Distributed by MLS Grid,2008284,N,Y,47.2066342,-122.4285659
PAST SALE,August-23-2023,Single Family Residential,1440 E 40th St,Tacoma,WA,98404,500000,3,2.0,Se Tacoma,1330,13503,2017,,376,,Sold,,,https://www.redfin.com/WA/Tacoma/1440-E-40th-St-98404/home/2592158,NWMLS as Distributed by MLS Grid,2042748,N,Y,47.2206447,-122.4086103
PAST SALE,August-31-2023,Single Family Residential,166 E 58th St,Tacoma,WA,98404,466000,2,2.0,Se Tacoma,3141,7680,1951,,148,,Sold,,,https://www.redfin.com/WA/Tacoma/166-E-58th-St-98404/home/2918214,NWMLS as Distributed by MLS Grid,2033076,N,Y,47.2043706,-122.4291379
PAST SALE,June-13-2023,Single Family Residential,7509 E F St,Tacoma,WA,98404,374950,3,1.0,Tacoma,956,6480,1977,,392,,Sold,,,https://www.redfin.com/WA/Tacoma/7509-E-F-St-98404/home/2973339,NWMLS as Distributed by MLS Grid,2015626,N,Y,47.1886357,-122.4232786
PAST SALE,December-27-2023,Single Family Residential,2216 E 34th St,Tacoma,WA,98404,545000,4,2.5,Indian Addition,2144,4875,2019,,254,,Sold,,,https://www.redfin.com/WA/Tacoma/2216-E-34th-St-98404/home/167445579,NWMLS as Distributed by MLS Grid,2071975,N,Y,47.2335774,-122.3990394
PAST SALE,February-28-2023,Single Family Residential,4826 E K St,Tacoma,WA,98404,425000,3,2.0,Tacoma,1456,7500,1968,,292,,Sold,,,https://www.redfin.com/WA/Tacoma/4826-E-K-St-98404/home/2943781,NWMLS as Distributed by MLS Grid,1943684,N,Y,47.2124477,-122.4153062
PAST SALE,March-30-2023,Single Family Residential,4327 E E St,Tacoma,WA,98404,544000,4,2.5,Tacoma,2266,7604,2020,,240,,Sold,,,https://www.redfin.com/WA/Tacoma/4327-E-E-St-98404/home/69367129,NWMLS as Distributed by MLS Grid,1962230,N,Y,47.2174174,-122.4247281
PAST SALE,July-3-2023,Single Family Residential,1215 E 56th St,Tacoma,WA,98404,445000,3,2.5,Se Tacoma,1814,9525,1978,,245,,Sold,,,https://www.redfin.com/WA/Tacoma/1215-E-56th-St-98404/home/2597642,NWMLS as Distributed by MLS Grid,1991091,N,Y,47.2069455,-122.412416
PAST SALE,May-19-2023,Single Family Residential,4520 -4518 E C St,Tacoma,WA,98404,690000,6,4.0,Tacoma,3688,5680,1927,,187,,Sold,,,https://www.redfin.com/WA/Tacoma/4520-E-C-St-98404/home/176013187,NWMLS as Distributed by MLS Grid,1945925,N,Y,47.2160548,-122.4285041
